path,source_filename,catalog_no,uniform_title,main_title,secondary_title,author,commentator,editor,source_description,publisher,pub_year,license,chars
texts/ASTaprakaraNa_bhogakArikA-M00005-IAST.txt,ASTaprakaraNa bhogakArikA-M00005-IAST.txt,M00005,āṣṭaprakaraṇa bhogakārikā,āṣṭaprakaraṇam bhogakārikā,From ratnatraya bhogakārikā nādakārikā mokṣakārikā paramokṣanirÃ„Âsakārikāḥ,sadyojyoti,aghoraśiva,kṛṣṇa śāstrī,E-text of the bhogakārikā from the ratnatraya bhogakārikā nādakārikā mokṣakārikā paramokṣanirasakārikāḥ in the devakottai series.,śivāgama siddhānta paripalana saṅgham,1925,CC BY-NC 4.0,73637
texts/ASTaprakaraNa_mokSakArikA-M00006-IAST.txt,ASTaprakaraNa mokSakArikA-M00006-IAST.txt,M00006,āṣṭaprakaraṇa mokṣakārikā,āṣṭaprakaraṇam mokṣakārikā,ratnatraya bhogakārikā nādakārikā mokṣakārikā paramokṣanirasakārikāḥ,sadyojyoti,rāmakaṇṭha,kṛṣṇa śāstrī,E-text of the mokṣakārikā from ratnatraya bhogakārikā nādakārikā mokṣakārikā paramokṣanirasakārikāḥ in the devakottai series. .,śivāgama siddhānta paripalana saṅgham,1925,CC BY-NC 4.0,67509
texts/ASTaprakaraNa_nAdakArikA-M00007-IAST.txt,ASTaprakaraNa nAdakArikA-M00007-IAST.txt,M00007,āṣṭaprakaraṇa nādakārikā,āṣṭaprakaraṇam nādakārikā,ratnatraya bhogakārikā nādakārikā mokṣakārikā paramokṣanirasakārikāḥ,rāmakaṇṭha,aghoraśiva,kṛṣṇa śāstrī,E-text of the nādakārikā from the ratnatraya bhogakārikā nādakārikā mokṣakārikā paramokṣanirasakārikāḥ in the devakottai series.,śivāgama siddhānta paripalana saṅgham,1925,CC BY-NC 4.0,12433
texts/ASTaprakaraNa_paramokSanirAsakArikA-M00008-IAST.txt,ASTaprakaraNa paramokSanirAsakArikA-M00008-IAST.txt,M00008,āṣṭaprakaraṇa paramokṣanirāsakārikā,āṣṭaprakaraṇam paramokṣanirāsakārikā,ratnatraya bhogakārikā nādakārikā mokṣakārikā paramokṣanirasakārikāḥ,sadyojyoti,rāmakaṇṭha,kṛṣṇa śāstrī,E-text of the paramokṣanirāsakārikā from ratnatraya bhogakārikā nādakārikā mokṣakārikā paramokṣanirasakārikāḥ in the devakottai series.,śivāgama siddhānta paripalana saṅgham,1925,CC BY-NC 4.0,72082
texts/ASTaprakaraNa_ratnatrayaparIkSA-M00009-IAST.txt,ASTaprakaraNa ratnatrayaparIkSA-M00009-IAST.txt,M00009,āṣṭaprakaraṇa ratnatrayaparīkṣā,āṣṭaprakaraṇam ratnatrayaparīkṣā,ratnatraya bhogakārikā nādakārikā mokṣakārikā paramokṣanirasakārikāḥ,śrīkaṇṭha,aghoraśiva,kṛṣṇa śāstrī,E-text of the ratnatrayaparīkṣā from the ratnatraya bhogakārikā nādakārikā mokṣakārikā paramokṣanirasakārikāḥ in the devakottai series.,śivāgama siddhānta paripalana saṅgham,1925,CC BY-NC 4.0,97998
texts/ASTaprakaraNa_tattvaprakAza-M00010-IAST.txt,ASTaprakaraNa tattvaprakAza-M00010-IAST.txt,M00010,āṣṭaprakaraṇa tattvaprakāśa,āṣṭaprakaraṇam tattvaprakāśaḥ,tatvaprakāśikā-tatvasaṃgraha-tatvatrayanirṇayāḥ savyākhyāḥ aghoraśivācārya,bhojadeva,aghoraśiva,kṛṣṇa śāstrī,E-text of the tattvaprakāśaḥ from the from tatvaprakasika-tatvasaṃgraha-tatvatrayanirṇayāḥ savyākhyāḥ aghoraśivācarya of the devakottai series.,śivāgamasiddhāntaparipālanasaṅgham,1923,CC BY-NC 4.0,268425
texts/ASTaprakaraNa_tattvasaMgraha-M00011-IAST.txt,ASTaprakaraNa tattvasaMgraha-M00011-IAST.txt,M00011,āṣṭaprakaraṇa tattvasaṃgraha,āṣṭaprakaraṇam tattvasaṃgrahaḥ,tatvaprakaśika-tatvasaṃgraha-tatvatrayanirṇayāḥ savyākhyāḥ aghoraśivācarya,sadyojyoti,aghoraśiva,kṛṣṇa śāstrī,E-text of the tattvasaṃgrahaḥ from tatvaprakasika-tatvasaṃgraha-tatvatrayanirṇayāḥ savyākhyāḥ aghoraśivācarya in the devakottai series.,śivāgamasiddhāntaparipālanasaṅgham,1925,CC BY-NC 4.0,52261
texts/ASTaprakaraNa_tattvatrayanirNaya-M00012-IAST.txt,ASTaprakaraNa tattvatrayanirNaya-M00012-IAST.txt,M00012,āṣṭaprakaraṇa tattvatrayanirṇaya,āṣṭaprakaraṇam tattvatrayanirṇayaḥ,tatvaprakasika-tatvasaṃgraha-tatvatrayanirṇayāḥ savyākhyāḥ aghoraśivācarya,sadyojyoti,aghoraśiva,kṛṣṇa śāstrī,E-text of the tattvatrayanirṇayaḥ from the tatvaprakasika-tatvasaṃgraha-tatvatrayanirṇayāḥ savyākhyāḥ aghoraśivācarya in the devakottai series.,śivāgamasiddhāntaparipālanasaṅgham,1925,CC BY-NC 4.0,18892
texts/AcArasAratantra-M00501-IAST.txt,AcArasAratantra-M00501-IAST.txt,M00501,ācārasāratantra,ācārasāratantram,haṭhapradīpakā,svātmārāma,,,The manuscript contains 4 chapters of the haṭhapradīpakā followed by the acārasāratantra which teachs a form of extreme Kaulism called cīnācāra. This is followed by a tract of 300 verses called samayā,,Publication city :,CC BY-NC 4.0,173683
texts/AgamakalpalatA-M00117-IAST.txt,AgamakalpalatA-M00117-IAST.txt,M00117,āgamakalpalatā,āgamakalpalatā,,yadunātha,,,,,2008,CC BY-NC 4.0,722984
texts/AgamakalpalatA-M00659-IAST.txt,AgamakalpalatA-M00659-IAST.txt,M00659,āgamakalpalatā,,,,,,,,Publication city :,CC BY-NC 4.0,722984
texts/AgamaprAmANya-M00001-IAST.txt,AgamaprAmANya-M00001-IAST.txt,M00001,āgamaprāmāṇya,āgamaprāmāṇyam,āgamaprāmāṇyam śrī yāmunāchāryaswāmin the paramaguru of ṣrībhāśyāchārya,yāmunāchāryaswāmin,,rāmamiśraśāstri,"The āgamaprāmānyam by śrī yāmunācāryaswāmin the Paramaguru of śrībhāśyācārya. Edited by A.S.T.S.P.S.M.M. M. rāmamiśraśāstri, Professor Sanskrit College",Publication year : 1937,1937,CC BY-NC 4.0,113633
texts/AjaDapramAtRsiddhi-M00502-IAST.txt,AjaDapramAtRsiddhi-M00502-IAST.txt,M00502,ājaḍapramātṛsiddhi,,,utpaladeva,haribhaṭṭa śāstrī,Madhusudan Kaul Shastri,Taken from KSTS volume 34,The Research Dept. Jammu and Kashmir State,1921,CC BY-NC 4.0,9792
texts/Anandatantra-M00066-IAST.txt,Anandatantra-M00066-IAST.txt,M00066,ānandatantra,ānandatantram,,,,"Dyczkowski, Mark S. G.",This e-text has been prepared from two manuscripts of unpublished text. Ms. K is IFP transcript no. 333 which was copied from Ms. 5562 of the Government Manuscript Library in Chennai. Ms. Kh is deposi,,2007,CC BY-NC 4.0,216950
texts/AnandezvarapaddhatiH-M00624-IAST.txt,AnandezvarapaddhatiH-M00624-IAST.txt,M00624,ānandeśvarapaddhatiḥ,,,,,,Title page:,,Publication city :,CC BY-NC 4.0,315188
texts/AryamaJjuzrImUlakalpam_Part_1-M00363-IAST.txt,AryamaJjuzrImUlakalpam Part 1-M00363-IAST.txt,M00363,āryamañjuśrīmūlakalpam Part 1,,,,,T. Gaṇapatiśāstrī,,Government Press Travancore,1920,CC BY-NC 4.0,368209
texts/AryamaJjuzrImUlakalpam_Part_2-M00364-IAST.txt,AryamaJjuzrImUlakalpam Part 2-M00364-IAST.txt,M00364,āryamañjuśrīmūlakalpam Part 2,,,,,T. Gaṇapatiśāstrī,Trivandrum Sanskrit Series No. 76,Government Press Travancore,1922,CC BY-NC 4.0,424257
texts/AryamaJjuzrImUlakalpam_Part_3-M00365-IAST.txt,AryamaJjuzrImUlakalpam Part 3-M00365-IAST.txt,M00365,āryamañjuśrīmūlakalpam Part 3,,,,,T. Gaṇapatiśāstrī,Trivandrum Sanskrit Series No. 84,Government Press Travancore,1922,CC BY-NC 4.0,279291
texts/Azaucyadiipikaa-M00237-IAST.txt,Azaucyadiipikaa-M00237-IAST.txt,M00237,āśaucyadiipikaa,,,vedajñāna,,,E-text created from IFP/EFEO transcript T00370 pages 326 to 400,Publication year :,Publication city :,CC BY-NC 4.0,79154
texts/AzcaryayogamAlA-M00286-IAST.txt,AzcaryayogamAlA-M00286-IAST.txt,M00286,āścaryayogamālā,āścaryayogamālā with commentary  laghuvṛtti,yogaratnamālā,nāgārjuna,guṇākara,,āścaryayogamālā (also called Yogaratnāvalī or Yogaratnamālā) (the Rosary of Astonishing Yogas) by Nāgārjuna with a short commentary (laghuvṛtti) by Guṇākara who is a Jaina (śvetāmbara) scholar. This N,,Publication city :,CC BY-NC 4.0,49290
texts/DAkinIkalpa-M00642-IAST.txt,DAkinIkalpa-M00642-IAST.txt,M00642,ḍākinīkalpa,,,,,,,,Publication city :,CC BY-NC 4.0,18087
texts/IzAnazivagurudevapaddhati_Volume_1-M00016-IAST.txt,IzAnazivagurudevapaddhati Volume 1-M00016-IAST.txt,M00016,īśānaśivagurudevapaddhati Volume 1,īśānaśivagurudevapaddhatiḥ Volume 1,,īśānaśivagurudeva,,gaṇapati śāstrī,"Volume 1 of 4 volume edition by University of Trivandrum, Gov. of Travancore, 1921.",bharatiya vidya prakāśan,1921,CC BY-NC 4.0,197308
texts/IzAnazivagurudevapaddhati_Volume_2-M00017-IAST.txt,IzAnazivagurudevapaddhati Volume 2-M00017-IAST.txt,M00017,īśānaśivagurudevapaddhati Volume 2,īśānaśivagurudevapaddhatiḥ Volume 2,,īśānaśivagurudeva,,gaṇapati śāstrī,"Volume 2 of 4 volume edition by University of Trivandrum, Gov. of Travancore, 1922.",bharatiya vidya prakāśan,1922,CC BY-NC 4.0,552845
texts/IzAnazivagurudevapaddhati_Volume_3-M00018-IAST.txt,IzAnazivagurudevapaddhati Volume 3-M00018-IAST.txt,M00018,īśānaśivagurudevapaddhati Volume 3,īśānaśivagurudevapaddhatiḥ Volume 3,,īśānaśivagurudeva,,gaṇapati śāstrī,"Volume 3 of 4 volume edition by University of Trivandrum, Gov. of Travancore, 1922.",bharatiya vidya prakāśan,1922,CC BY-NC 4.0,440708
texts/IzAnazivagurudevapaddhati_Volume_4-M00233-IAST.txt,IzAnazivagurudevapaddhati Volume 4-M00233-IAST.txt,M00233,īśānaśivagurudevapaddhati Volume 4,īśānaśivagurudevapaddhatiḥ Volume 4,,īśānaśivagurudeva,,gaṇapati śāstrī,"Volume 3 of 4 volume edition by University of Trivandrum, Gov. of Travancore, 1922.",bharatiya vidya prakāśan,1922,CC BY-NC 4.0,464930
texts/IzvarapratyabhijJAkaumudI-M00053-IAST.txt,IzvarapratyabhijJAkaumudI-M00053-IAST.txt,M00053,īśvarapratyabhijñākaumudī,,,bhaṭṭāraka sundara,,,īśvarapratyabhijñākaumudī bhaṭṭāraka sundara,,Publication city :,CC BY-NC 4.0,214285
texts/IzvarapratyabhijJAvimarzinI-M00019-IAST.txt,IzvarapratyabhijJAvimarzinI-M00019-IAST.txt,M00019,īśvarapratyabhijñāvimarśinī,,bhāskarī,abhinavagupta,bhāskara,"Pandey, K. C.","E-text taken from bhāskarī: a commentary on the īśvarapratyabhijñāvimarśinī of Abhinavagupta Edited by K. C. Pandey Princess of Wales Sarasvati Bhavana Text Series no. 70, Allahabad: 1938 Photographic","Print and Stationery, United Provinces",1938,CC BY-NC 4.0,1271388
texts/IzvarapratyabhijJAvimarzinIvyAkhyA-M00197-IAST.txt,IzvarapratyabhijJAvimarzinIvyAkhyA-M00197-IAST.txt,M00197,īśvarapratyabhijñāvimarśinīvyākhyā,,,,,,"Copied from IFP transcript 762 which was copied from manuscript no R. 4353 belonging to G.O.N.L, Madras.",,Publication city :,CC BY-NC 4.0,768545
texts/IzvarapratyabhijJAvivRtivimarzinI_Volume_1-M00020-IAST.txt,IzvarapratyabhijJAvivRtivimarzinI Volume 1-M00020-IAST.txt,M00020,īśvarapratyabhijñāvivṛtivimarśinī Volume 1,,,abhinavagupta,,śāstrī m. k.,"Text taken from Vol. 60 of the Kashmir Series of Texts and Studies, The īśvarapratyabhijñā vivṛtivimarśinī by Abhinavagupta Vol. 1",Research Department Jammu and Kashmir State,1938,CC BY-NC 4.0,469529
texts/IzvarapratyabhijJAvivRtivimarzinI_Volume_2-M00021-IAST.txt,IzvarapratyabhijJAvivRtivimarzinI Volume 2-M00021-IAST.txt,M00021,īśvarapratyabhijñāvivṛtivimarśinī Volume 2,,,abhinavagupta,,śāstrī m. k.,"Text taken from Vol. 62 of the Kashmir Series of Texts and Studies, The īśvarapratyabhijñā vivṛtivimarśinī by Abhinavagupta Vol. 2 Volume 2 of 3 volume set.",Research Department Jammu and Kashmir State,1941,CC BY-NC 4.0,671540
texts/IzvarapratyabhijJAvivRtivimarzinI_Volume_3-M00022-IAST.txt,IzvarapratyabhijJAvivRtivimarzinI Volume 3-M00022-IAST.txt,M00022,īśvarapratyabhijñāvivṛtivimarśinī Volume 3,,,abhinavagupta,,śāstrī m. k.,"Text taken from Vol. 65 of the Kashmir Series of Texts and Studies, The īśvarapratyabhijñā vivṛtivimarśinī by Abhinavagupta Vol. 3 Volume 3 of 3 volume set.",Research Department Jammu and Kashmir State,1943,CC BY-NC 4.0,626480
texts/Izvarasiddhi-M00023-IAST.txt,Izvarasiddhi-M00023-IAST.txt,M00023,īśvarasiddhi,īśvarasiddhiḥ,siddhitrayī,utpaladeva,,śastrī m k,Text taken from Volume 34 of the Kashmir Series of Texts and Studies. The Siddhitrayi and the Pratyabhijna-karika-vritti of Rajanaka Utpala deva Note: siddhitrayī consists of three works by utpaladeva,"Research Department, Jammu and Kashmir State",1921,CC BY-NC 4.0,32417
texts/IzvarasiddhiH-M00660-IAST.txt,IzvarasiddhiH-M00660-IAST.txt,M00660,īśvarasiddhiḥ,,,utpaladeva,,,Copied from volume 34 of the K.S.T.S. series,Publication year : 1921,1921,CC BY-NC 4.0,31757
texts/SaDAmnAyapUjAvidhi-M00556-IAST.txt,SaDAmnAyapUjAvidhi-M00556-IAST.txt,M00556,ṣaḍāmnāyapūjāvidhi,,,,,,Ritual manual,,Publication city :,CC BY-NC 4.0,78727
texts/SaTcakranirNaya-M00261-IAST.txt,SaTcakranirNaya-M00261-IAST.txt,M00261,ṣaṭcakranirṇaya,,,,,,,,Publication city :,CC BY-NC 4.0,13167
texts/SaTtriMzAttattvasandoha-M00151-IAST.txt,SaTtriMzAttattvasandoha-M00151-IAST.txt,M00151,ṣaṭtriṃśāttattvasandoha,ṣaṭtriṃśāttattvasandoha with commentary by rājānakānanda,,,rājānakānanda,śāstrī m r,E-text transcribed from volume 13 of the Kashmir Series of Texts and Studies.,"Research Department, Jammu and Kashmir State",1918,CC BY-NC 4.0,10004
texts/SatSahasrakAlottarAgama-M00249-IAST.txt,SatSahasrakAlottarAgama-M00249-IAST.txt,M00249,ṣatṣahasrakālottarāgama,,,,,,"Copied from a MS belonging to the French Institute of Pondicherry, No. RE 20294",,Publication city :,CC BY-NC 4.0,245029
texts/UrddhvAmnAya_damanArohaNapaddhati-M00421-IAST.txt,UrddhvAmnAya damanArohaNapaddhati-M00421-IAST.txt,M00421,ūrddhvāmnāya damanārohaṇapaddhati,,,,,,,,Publication city :,CC BY-NC 4.0,31611
texts/UrddhvAmnAyapUjAvidhi-M00422-IAST.txt,UrddhvAmnAyapUjAvidhi-M00422-IAST.txt,M00422,ūrddhvāmnāyapūjāvidhi,,,,,,,,Publication city :,CC BY-NC 4.0,54398
texts/UrdhvAmnAya-M00640-IAST.txt,UrdhvAmnAya-M00640-IAST.txt,M00640,ūrdhvāmnāya,,,,,,,,Publication city :,CC BY-NC 4.0,50632
texts/aMzumatkAzyapAgama-M00198-IAST.txt,aMzumatkAzyapAgama-M00198-IAST.txt,M00198,aṃśumatkāśyapāgama,aṃśumadāgama,,,,,IFP transcript 1 of RE. 19987 Palm-leaf beginning leaf (25)19a,,Publication city :,CC BY-NC 4.0,429845
texts/aSTamAtRkApUjA-M00540-IAST.txt,aSTamAtRkApUjA-M00540-IAST.txt,M00540,aṣṭamātṛkāpūjā,,,,,,Ritual manual,,Publication city :,CC BY-NC 4.0,101506
texts/acintyavizvasAdAkhyam-M00272-IAST.txt,acintyavizvasAdAkhyam-M00272-IAST.txt,M00272,acintyaviśvasādākhyam,,,,,,,,Publication city :,CC BY-NC 4.0,675282
texts/advayatArakopaniSat-M00102-IAST.txt,advayatArakopaniSat-M00102-IAST.txt,M00102,advayatārakopaniṣat,yoga upaniṣads with the commentary of śrī upaniṣad brahmayogin,advayatārakā upaniṣat,,brahmayogin,śāstrī mahādeva,,Adyar library and research centre,1920,CC BY-NC 4.0,10469
texts/advayavajrasaMgraha-M00510-IAST.txt,advayavajrasaMgraha-M00510-IAST.txt,M00510,advayavajrasaṃgraha,,,nāgārjunapāda,,,Consists of a series of short tracts concerning the basic tenets of the philosophical and yogic foundation of the Buddhist mahāyāna especially the vajrayāna of the anuttarayoga class. The similarities,Oriental Institute,1927,CC BY-NC 4.0,70097
texts/agastyasaMhitA-M00574-IAST.txt,agastyasaMhitA-M00574-IAST.txt,M00574,agastyasaṃhitā,,,,,,,,Publication city :,CC BY-NC 4.0,121338
texts/agnikAryapaddhati-M00246-IAST.txt,agnikAryapaddhati-M00246-IAST.txt,M00246,agnikāryapaddhati,,,,,,"A short liturgical manual from Kashmir on fire sacrifice. Contains very interesting incidental information on the deities worshipped in Kashmir. Some are main stream Kaula Tantra of the early period, ",,Publication city :,CC BY-NC 4.0,231600
texts/ahirbudhnya_saMhita_Volume_1-M00002a-IAST.txt,ahirbudhnya saMhita Volume 1-M00002a-IAST.txt,M00002a,ahirbudhnya saṃhita Volume 1,ahirbudhnya saṃhita of the pāñcarātrāgama Volume 1,,,,"Schrader, F. Otto",E-text transcribed from the ahirbudhnya saṃhita of the pāñcarātrāgama volume 1 edited by Pandit M. D. Ramanujacarya under the supervision of F. Otto Schrader,The Adyar Library and Research Center,1916,CC BY-NC 4.0,285154
texts/ahirbudhnya_saMhita_Volume_2-M00002b-IAST.txt,ahirbudhnya saMhita Volume 2-M00002b-IAST.txt,M00002b,ahirbudhnya saṃhita Volume 2,ahirbudhnya saṃhita of the pāñcarātrāgama Volume 2,,,,"Schrader, F. Otto",E-text transcribed from the ahirbudhnya saṃhita of the pāñcarātrāgama volume 2 edited by Pandit M. D. Ramanujacarya under the supervision of F. Otto Schrader,The Adyar Library and Research Center,1916,CC BY-NC 4.0,252678
texts/ajJAnadhvAntadIpikA-M00622-IAST.txt,ajJAnadhvAntadIpikA-M00622-IAST.txt,M00622,ajñānadhvāntadīpikā,,,somanātha,,,Link to original manuscript on archive.org: https://archive.org/download/AgyanDhvantaDeepikaShriSomnath4966Alm22Shlf4DevanagariTantra/Agyan%20Dhvanta%20Deepika%20-%20Shri%20Somnath_4966_Alm_22_Shlf_4_,,Publication city :,CC BY-NC 4.0,65806
texts/ajaDapramAtRsiddhiH-M00658-IAST.txt,ajaDapramAtRsiddhiH-M00658-IAST.txt,M00658,ajaḍapramātṛsiddhiḥ,,,utpaladeva,,,Copied from volume 34 of the K.S.T.S. series,Publication year : 1921,1921,CC BY-NC 4.0,10667
texts/akulavIratantra-M00003-IAST.txt,akulavIratantra-M00003-IAST.txt,M00003,akulavīratantra,akulavīratantram,kaulajñānanirṇaya and some minor texts of the school of matsyendrānātha,matsyendrānātha,,"Bagchi,    P. C.","The source of this e-text is Calcutta Sanskrit Series 3 - kaulajñānanirṇaya and some minor texts of the school of matsyendrānātha - where it is bundled along with kaulajñānanirṇaya kulānandatantra, an",Metropolitan Printing and Pub. House,1934,CC BY-NC 4.0,16653
texts/amRtabindUpaniSat-M00103-IAST.txt,amRtabindUpaniSat-M00103-IAST.txt,M00103,amṛtabindūpaniṣat,yoga upaniṣads with the commentary of śrī upaniṣad brahmayogin,amṛtabindu upaniṣat,,brahmayogin,śāstrī mahādeva,,Adyar library and research centre,1920,CC BY-NC 4.0,13307
texts/amRtanAdopaniSat-M00104-IAST.txt,amRtanAdopaniSat-M00104-IAST.txt,M00104,amṛtanādopaniṣat,yoga upaniṣads with the commentary of śrī upaniṣad brahmayogin,amṛtanāda upaniṣat,,brahmayogin,śāstrī mahādeva,,Adyar library and research centre,1920,CC BY-NC 4.0,17164
texts/amRtezatantra-M00504-IAST.txt,amRtezatantra-M00504-IAST.txt,M00504,amṛteśatantra,,netratantra,,,,From a manuscript dated Nepal samvat 320 i.e. 1101 C.E.,,2021,CC BY-NC 4.0,137473
texts/amRtezvaradikSAvidhi-M00539-IAST.txt,amRtezvaradikSAvidhi-M00539-IAST.txt,M00539,amṛteśvaradikṣāvidhi,,,,,,Ritual manual,,Publication city :,CC BY-NC 4.0,44445
texts/anAdivIrazaivasaGgraha-M00615-IAST.txt,anAdivIrazaivasaGgraha-M00615-IAST.txt,M00615,anādivīraśaivasaṅgraha,,,,,,,vīraśaivaliṅgibrahmaṇagranthamala,1905,CC BY-NC 4.0,105151
texts/aniruddhasaMhitA-M00353-IAST.txt,aniruddhasaMhitA-M00353-IAST.txt,M00353,aniruddhasaṃhitā,,,,,A. Shrinivasa Iyengar,,A. Shrinivasa Iyengar,1956,CC BY-NC 4.0,181693
texts/anuttaraprakAzapaJcAzikA-M00004-IAST.txt,anuttaraprakAzapaJcAzikA-M00004-IAST.txt,M00004,anuttaraprakāśapañcāśikā,anuttaraprakāśapañcāśikā  by ādyanātha from the KSTS series vol. 14 -- The bhāvopahāra of cakrapāṇinātha with commentary by ramyadevabhaṭṭa -- where it follows bhāvopahāra and bodhapañcadaśikā,,ādyanātha,,"śāstri, mukundarāma",The anuttaraprakāśapañcāśikā by ādyanātha from the KSTS series vol. 14 where it follows bhāvopahāra and bodhapañcadaśikā,Research Deaprtment Jammu and Kashmir State,1918,CC BY-NC 4.0,5509
texts/anuttaraprakAzapaJcAzikA-M0511-IAST.txt,anuttaraprakAzapaJcAzikA-M0511-IAST.txt,M0511,anuttaraprakāśapañcāśikā,,,ādinātha,,,K.S.T.S. volume 13,Publication year : 1918,1918,CC BY-NC 4.0,5569
texts/azeSakulavallarI-M00311-IAST.txt,azeSakulavallarI-M00311-IAST.txt,M00311,aśeṣakulavallarī,,,gaṇananāthabhaṭṭa,,,Description by Mark S.G. Dyczkowski: The Aśeṣakulavallarī is by Gaṇananāthabhaṭṭa a Brahmin of the Garga clan (gotra) who tells us at the beginning that his teacher was Mahādevabhaṭṭa. The title Bhaṭṭ,,Publication city :,CC BY-NC 4.0,17120
texts/bRhannIlatantra-M00116-IAST.txt,bRhannIlatantra-M00116-IAST.txt,M00116,bṛhannīlatantra,,,,,kaul madhusudan,Transcribed by the staff of Muktabodha under the supervision of Mark S. G. Dyczkowski.,Publication year : 1941,1941,CC BY-NC 4.0,309011
texts/bRhattantrasAra-M00013-IAST.txt,bRhattantrasAra-M00013-IAST.txt,M00013,bṛhattantrasāra,bṛhattantrasāraḥ,tantrasāra,kṛṣṇānanda āgamavāgiśa,aghoraśiva,caṭṭopādhyāya,,dhuṇḍhirāja gaṇeśa,Pre-1900,CC BY-NC 4.0,1053768
texts/bagalAmukhIpaJcAGgam-M00623-IAST.txt,bagalAmukhIpaJcAGgam-M00623-IAST.txt,M00623,bagalāmukhīpañcāṅgam,,,,,,Title page: 6025 N0: 1636k Title: bagulāmukhīpañcāṅgam Extent: 153 patra Age: saṃ0 1939 Subject: tantra,,Publication city :,CC BY-NC 4.0,41430
texts/basavapurANa-M00520-IAST.txt,basavapurANa-M00520-IAST.txt,M00520,basavapurāṇa,,,śrībādarāyanamahaṛṣi attribute to,,,An important text for the vīraśaiva liṅgāyats. An extended narrative of the life and exploits of bāsava.,Publication year : 1905,1905,CC BY-NC 4.0,401884
texts/bhAvacUDAmaNi-M00277-IAST.txt,bhAvacUDAmaNi-M00277-IAST.txt,M00277,bhāvacūḍāmaṇi,,,vidyākaṇṭha,,,,,Publication city :,CC BY-NC 4.0,27473
texts/bhAvacUDAmaNi-M00575-IAST.txt,bhAvacUDAmaNi-M00575-IAST.txt,M00575,bhāvacūḍāmaṇi,,,,vidyākaṇṭha,,,,Publication city :,CC BY-NC 4.0,241145
texts/bhUtazuddhitantra-M00130-IAST.txt,bhUtazuddhitantra-M00130-IAST.txt,M00130,bhūtaśuddhitantra,,,,,chatterjee,E-text transcribed from Chatterjee's edition late 19th century in Bengali script.,Unknown: late 19th century,2000,CC BY-NC 4.0,62726
texts/bhagavadgItA-M00167-IAST.txt,bhagavadgItA-M00167-IAST.txt,M00167,bhagavadgītā,bhagavadgītā with commentary sarvatobhadra,,,ramakaṇṭha,śāstrī kṛṣṇa,Photographic facsimiles from vol 64 of the Kashmir Series of Texts and Studies.,Research Department Jammu and Kashmir State,1943,CC BY-NC 4.0,449094
texts/bhagavadgItA-M00244-IAST.txt,bhagavadgItA-M00244-IAST.txt,M00244,bhagavadgītā,bhagavadgītārthasaṃgraha,Bhagavadgīta with the Commentary of Abhinavagupta,,abhinavagupta,lakṣmaṇa ṛaina Brahmacārī,The Bhagavadgītā with the commentary of Abhinavagupta. Edited by Lakṣmaṇa Raina Brahmacārī (Laksman Joo).,Kashmiri Pratap Steam Press,1933,CC BY-NC 4.0,191622
texts/bhagavadgItA-M00330-IAST.txt,bhagavadgItA-M00330-IAST.txt,M00330,bhagavadgītā,bhagavadgītāvīraśaivabhāṣya,,siddapparadhya ḍr.t. g.,--,,A modern commentary on the bhagavadgītā from the vīraśaiva point of view.,śrijagadgurumurugharājendravidyāpīṭhagranthamālāyā,1965,CC BY-NC 4.0,568863
texts/bhairavastava-M00505-IAST.txt,bhairavastava-M00505-IAST.txt,M00505,bhairavastava,,śivastuti,abhinavagupta,,,,Publication year : 1917,1917,CC BY-NC 4.0,1366
texts/bhuvanezvarI_paJcAGgam_rudrayAmale-M00630-IAST.txt,bhuvanezvarI paJcAGgam rudrayAmale-M00630-IAST.txt,M00630,bhuvaneśvarī pañcāṅgam rudrayāmale,,,,,,Sharada script 25 folios,,Publication city :,CC BY-NC 4.0,34616
texts/bhuvanezvarImahAstotra-M00309-IAST.txt,bhuvanezvarImahAstotra-M00309-IAST.txt,M00309,bhuvaneśvarīmahāstotra,,,pṛthavīdharācārya,Kavi Padmanābha,Gopal Narayan Bahura,Description by Mark S.G. Dyczkowski: The Bhuvaneśvarīmahāstotra by Pṛthavīdharācārya with a commentary by Kavi Padmanābha edited by Gopal Narayan Bahura,Rajasthan Oriental Research Institute,1960,CC BY-NC 4.0,276779
texts/bodhapaJcadazikA-M00173-IAST.txt,bodhapaJcadazikA-M00173-IAST.txt,M00173,bodhapañcadaśikā,bodhapañcadaśikā with commentary by harabhaṭṭaśāstrī,,abhinavagupta,,zadoo jagaddhar,Photographic facsimiles from vol 76 of the Kashmir Series of Texts and Studies.,Research Department Jammu and Kashmir State,1947,CC BY-NC 4.0,28674
texts/brahmasandhAna-M00262-IAST.txt,brahmasandhAna-M00262-IAST.txt,M00262,brahmasandhāna,,,,,,,,Publication city :,CC BY-NC 4.0,51787
texts/brahmavidyopaniSat-M00105-IAST.txt,brahmavidyopaniSat-M00105-IAST.txt,M00105,brahmavidyopaniṣat,yoga upaniṣads with the commentary of śrī upaniṣad brahmayogin,brahmavidya upaniṣat,,brahmayogin,śāstrī mahādeva,,Adyar library and research centre,1920,CC BY-NC 4.0,29260
texts/brahmayAmala-M00319-IAST.txt,brahmayAmala-M00319-IAST.txt,M00319,brahmayāmala,,,,,,,,Publication city :,CC BY-NC 4.0,181488
texts/candrAvalocakana-M00506-IAST.txt,candrAvalocakana-M00506-IAST.txt,M00506,candrāvalocakana,,,,,,A short tract on yog taught by maheśvara dialoging with matsyendranātha.,,Publication city :,CC BY-NC 4.0,4829
texts/candrajJAnAgama_vIrazaiva_rescension-M00201-IAST.txt,candrajJAnAgama vIrazaiva rescension-M00201-IAST.txt,M00201,candrajñānāgama vīraśaiva rescension,candrajñānāgama vīraśaiva rescension,candrajñānāgama kriyācaryāpādau,,,,vīraśaiva rescension of the candrajñānāgama,jaṃgamavāḍī maṭha,Publication city : <vArAnasI>,CC BY-NC 4.0,119893
texts/candrajJAnAgama-M00263-IAST.txt,candrajJAnAgama-M00263-IAST.txt,M00263,candrajñānāgama,,,,,,,,Publication city :,CC BY-NC 4.0,15893
texts/candrajJAnAgama-M00273-IAST.txt,candrajJAnAgama-M00273-IAST.txt,M00273,candrajñānāgama,,,,,,Candrajnāna is a Siddhānta upāgama which defines itself as a pratiṣṭhātantra i.e. a ṭantra which deals with ritual procedures concerning the installation and worship of representations of śaiva deitie,,Publication city :,CC BY-NC 4.0,122724
texts/carcAstava-M00307-IAST.txt,carcAstava-M00307-IAST.txt,M00307,carcāstava,,,,harabhatta sastrī,,From volume 90 of the KSTS series,Fine Art Press,1963,CC BY-NC 4.0,83967
texts/caturvedArthatAtparyasaMgraha-M00601-IAST.txt,caturvedArthatAtparyasaMgraha-M00601-IAST.txt,M00601,caturvedārthatātparyasaṃgraha,,,,,,viraśaiva text.,,Publication city :,CC BY-NC 4.0,24570
texts/cidgaganacandrikA-M00014-IAST.txt,cidgaganacandrikA-M00014-IAST.txt,M00014,cidgaganacandrikā,,,śrīvatsa,,trivikramatīrtha,cidgaganacandrikaa by śrīvatsa alias kālidāsa,Sanskrit Book Depot,1937,CC BY-NC 4.0,42378
texts/cinmantramAlinI-E0002-IAST.txt,cinmantramAlinI-E0002-IAST.txt,E0002,cinmantramālinī,,nityopāsanākrama,prakāśānanda,,,"Transcribed from T. No. 578 which is copied from a ms with R.No. 2572 belonging to the G.O.M.L., Madras. See Muktabodha digital library, IFP/EFEO collection at www.muktabodha.org for full bibliographi",,2013,CC BY-NC 4.0,10718
texts/cinmayadIkSAvidhAna-E0004-IAST.txt,cinmayadIkSAvidhAna-E0004-IAST.txt,E0004,cinmayadīkṣāvidhāna,,,,,,IFP transcript no. 569 copied from MS no 67963 (21-e-34) belonging to the Adyar Library,,2013,CC BY-NC 4.0,52334
texts/dAzarathIyatantram-M00521-IAST.txt,dAzarathIyatantram-M00521-IAST.txt,M00521,dāśarathīyatantram,,,,,,An unusual vaiṣṇava tantra as it is focused on the worship of rāma.,,Publication city :,CC BY-NC 4.0,1116806
texts/dIkSAdarza-M00234-IAST.txt,dIkSAdarza-M00234-IAST.txt,M00234,dīkṣādarśa,,,vedajñāna,,,E-text created from IFP/EFEO transcript T00372,,Publication city :,CC BY-NC 4.0,410546
texts/dIkSApaddhati-M00245-IAST.txt,dIkSApaddhati-M00245-IAST.txt,M00245,dīkṣāpaddhati,,,,,,"Contains a Kashmiri initiatory rite. Here as in other liturgical works from Kashmir we learn about the deities of the Kashmiri Hindus. It is a very intensely tantric pantheon, reminiscent of what we f",,Publication city :,CC BY-NC 4.0,221793
texts/dIkSAprakAza-M00015-IAST.txt,dIkSAprakAza-M00015-IAST.txt,M00015,dīkṣāprakāśa,dīkṣāprakāśaḥ,,maithilapaṇḍitaśrījīvanāthaśarma,,,,saṃskṛtapustakālaya kacauṇīgalī,1935,CC BY-NC 4.0,162039
texts/dIkSAvidhi-M00543-IAST.txt,dIkSAvidhi-M00543-IAST.txt,M00543,dīkṣāvidhi,,,,,,Ritual manual,,Publication city :,CC BY-NC 4.0,35787
texts/dIkSottara-M00279-IAST.txt,dIkSottara-M00279-IAST.txt,M00279,dīkṣottara,dīkṣottara of the nisvāsakārika,,,,,IFP Transcript T0017B from folio 795 to the end.,,Publication city :,CC BY-NC 4.0,179934
texts/dIpayAdavidhi-M00544-IAST.txt,dIpayAdavidhi-M00544-IAST.txt,M00544,dīpayādavidhi,,,,,,Ritual manual,,Publication city :,CC BY-NC 4.0,21195
texts/dakSiNAmUrtisaMhitA-M00625-IAST.txt,dakSiNAmUrtisaMhitA-M00625-IAST.txt,M00625,dakṣiṇāmūrtisaṃhitā,,,,,,Title page:,,Publication city :,CC BY-NC 4.0,143538
texts/dakSiNakAlIpUjApaddhati-M00541-IAST.txt,dakSiNakAlIpUjApaddhati-M00541-IAST.txt,M00541,dakṣiṇakālīpūjāpaddhati,,,,,,Ritual manual,,Publication city :,CC BY-NC 4.0,77053
texts/darzanopaniSat-M00296-IAST.txt,darzanopaniSat-M00296-IAST.txt,M00296,darśanopaniṣat,yoga upaniṣads with the commentary of śrī upaniṣad brahmayogin,darśana upaniṣat,,brahmayogin,śāstrī mahādeva,,Adyar library and research centre,1920,CC BY-NC 4.0,30574
texts/dattAtreyabodha-E0003-IAST.txt,dattAtreyabodha-E0003-IAST.txt,E0003,dattātreyabodha,,,,,,Transcribed from T. no. 638,,2013,CC BY-NC 4.0,10662
texts/dattAtreyatantra-M00632-IAST.txt,dattAtreyatantra-M00632-IAST.txt,M00632,dattātreyatantra,,,,,,,,Publication city :,CC BY-NC 4.0,36220
texts/devInAmavilAsa-M00166-IAST.txt,devInAmavilAsa-M00166-IAST.txt,M00166,devīnāmavilāsa,,,kaula sahiba,,śāstrī m k,Photographed from volume 63 of the Kashmir Series of Texts and Studies.,"Research Department, Jammu and Kashmir State",1942,CC BY-NC 4.0,271676
texts/devIpUjA-M00507-IAST.txt,devIpUjA-M00507-IAST.txt,M00507,devīpūjā,,,,,,The text contains durgapūjā - mahārājñīstava - bhadararūpabhavānīvākyamañjarī and sarasvatīstuti,Publication year : 1927,1927,CC BY-NC 4.0,45008
texts/devIrahasya-M00310-IAST.txt,devIrahasya-M00310-IAST.txt,M00310,devīrahasya,devī rahasya with pariśiṣṭas,,,,ram chandra kak,"The Devīrahasya and Uddhārakośa are published together in one volume. Edited by Rāma candra Kāka and Haribhaṭṭa śāstrī, it was published originally published in Kashmir in 1941. The Devīrahasya is con",Unknown,1941,CC BY-NC 4.0,738804
texts/dhvajArohaNavarSavarddhanavidhi-M00542-IAST.txt,dhvajArohaNavarSavarddhanavidhi-M00542-IAST.txt,M00542,dhvajārohaṇavarṣavarddhanavidhi,,,,,,Ritual manual,,Publication city :,CC BY-NC 4.0,510171
texts/dhyAnabindUpaniSat-M00106-IAST.txt,dhyAnabindUpaniSat-M00106-IAST.txt,M00106,dhyānabindūpaniṣat,yoga upaniṣads with the commentary of śrī upaniṣad brahmayogin,dhyānabindu upaniṣat,,brahmayogin,śāstrī mahādeva,,Adyar library and research centre,1920,CC BY-NC 4.0,35920
texts/dhyAnaratnAvali-E0008-IAST.txt,dhyAnaratnAvali-E0008-IAST.txt,E0008,dhyānaratnāvali,,,,,,"IFP transcript 232 copied from a manuscript belonging to Rajamani Gurukkal Perambar Kandikai, Madhurantakam",,2013,CC BY-NC 4.0,168641
texts/durgAnityArcanakrama-M00545-IAST.txt,durgAnityArcanakrama-M00545-IAST.txt,M00545,durgānityārcanakrama,,,,,,Ritual manual,,Publication city :,CC BY-NC 4.0,16274
texts/durgArcanaSRti-M00340-IAST.txt,durgArcanaSRti-M00340-IAST.txt,M00340,durgārcanaṣṛti,,,lakṣmīnārāyaṇa goswāmī,,,This is modern manual for the worship of the goddess Durgā. It was written by Lakṣmīnārāyaṇa Goswāmī a Bengali brahmin who was professsor of the Sanskrit College of the Vidyādharmavarddhinī Pāṭhaśālā ,Ghanaśyāma Gosvāmī,1952,CC BY-NC 4.0,487622
texts/dvizatikAlottara-M00200-IAST.txt,dvizatikAlottara-M00200-IAST.txt,M00200,dviśatikālottara,dviśatikālottara with commentary by aghoraśivācārya,,,aghoraśivācārya,,Transcript 176 from the collections of the IFP/EFEO in Pondicherry,,Publication city :,CC BY-NC 4.0,101493
texts/gaNakArikA-M00508-IAST.txt,gaNakArikA-M00508-IAST.txt,M00508,gaṇakārikā,,,bhāsarvajña,,C. D. Dalal,The doctrines of paśupata yoga.,Government of Baroda,1920,CC BY-NC 4.0,98492
texts/gandharvatantra-M00646-IAST.txt,gandharvatantra-M00646-IAST.txt,M00646,gandharvatantra,,,,,,"From an original manuscript in the collection of Maharaja Harisinghji Bahadur, edited by Ram Chandra Kak and Harabhatta Shastri",Maharaja Harasinghji Bahadur,1934,CC BY-NC 4.0,419474
texts/gaurIkAJcalikAtantra-M00509-IAST.txt,gaurIkAJcalikAtantra-M00509-IAST.txt,M00509,gaurīkāñcalikātantra,,,mantramahādeva,,,"This tantra belongs to the class of tantras, concerned with potions and spells to cure illness.",Bhuvanacandra Vasaka,1921,CC BY-NC 4.0,98492
texts/gautamatantra-M00647-IAST.txt,gautamatantra-M00647-IAST.txt,M00647,gautamatantra,,,,,,,,Publication city :,CC BY-NC 4.0,218646
texts/gorakSaguTikA-M00291-IAST.txt,gorakSaguTikA-M00291-IAST.txt,M00291,gorakṣaguṭikā,,,gorakṣanātha,,,The Goraksaguṭikā (the Magic Pill of Gorakṣa) is attributed to Gorakṣa (alias Gorakhnātha) the famous founder of Haṭha Yoga. The colophons state that it is part of the Kalpadrumavivekinii and that it ,,Publication city :,CC BY-NC 4.0,55923
texts/gorakSamudgara-M00289-IAST.txt,gorakSamudgara-M00289-IAST.txt,M00289,gorakṣamudgara,,,gorakṣanātha,,,Gorakṣamudgara (the Pestle of Gorakṣanātha) This is a poem written in elaborate metres in typical style of Sanskrit poetry (kāvya). This manuscript contains just the first chapter (pariccheda) called ,,Publication city :,CC BY-NC 4.0,6762
texts/gorakSayogazAstram-M00288-IAST.txt,gorakSayogazAstram-M00288-IAST.txt,M00288,gorakṣayogaśāstram,,mūlasāra,gorakṣanātha attributed to:,,,"Gorakṣayogaśāstram also called Mūlasāra the Essence of the Root this is a work on Yoga written in the manner of a stotra so that by reading and repeating it daily, one accfrues countless benefits. It ",,Publication city :,CC BY-NC 4.0,6762
texts/gorakSazataka-M00522-IAST.txt,gorakSazataka-M00522-IAST.txt,M00522,gorakṣaśataka,,,gorakṣanātha attributed to,,,A short yogic tract.,Oxford University Press,1928,CC BY-NC 4.0,11031
texts/guhyasamAjatantra-M00360-IAST.txt,guhyasamAjatantra-M00360-IAST.txt,M00360,guhyasamājatantra,,tathāgataguhyaka,,,Benoytosh Bhattacharya,,Baroda Oriental Institute,1931,CC BY-NC 4.0,193981
texts/gurustutiratnAvalI-M00216-IAST.txt,gurustutiratnAvalI-M00216-IAST.txt,M00216,gurustutiratnāvalī,,,govindakaula,,,,,Publication city :,CC BY-NC 4.0,9731
texts/hAhArAvatantra-M00283-IAST.txt,hAhArAvatantra-M00283-IAST.txt,M00283,hāhārāvatantra,,,,,,"The Hāhārāvatantra (the Tantra of the Roaring Haa, Haa) teaches the worship of Kaula goddesses, especially forms of Kālī, with a very clear preference for Guhyakālī. Guhyakaalii is one of the most pop",,Publication city :,CC BY-NC 4.0,433593
texts/haMsasAra-M00264-IAST.txt,haMsasAra-M00264-IAST.txt,M00264,haṃsasāra,,,,,,,,Publication city :,CC BY-NC 4.0,5674
texts/haMsopaniSat-M00107-IAST.txt,haMsopaniSat-M00107-IAST.txt,M00107,haṃsopaniṣat,yoga upaniṣads with the commentary of śrī upaniṣad brahmayogin,haṃsa upaniṣat,,brahmayogin,śāstrī mahādeva,,Adyar library and research centre,1920,CC BY-NC 4.0,17907
texts/haThayogapradIpikA-M00243-IAST.txt,haThayogapradIpikA-M00243-IAST.txt,M00243,haṭhayogapradīpikā,haṭhayogapradīpika with commentary called jyotsna,,svātmārāma,brahmānanda,,,Bombay,Pre-1900,CC BY-NC 4.0,256562
texts/hariharatAratamya-M00616-IAST.txt,hariharatAratamya-M00616-IAST.txt,M00616,hariharatāratamya,,,haradatta attributed to,,,,vīraśaivaliṅgibrahmaṇagranthamala,1904,CC BY-NC 4.0,15548
texts/hayazirSsapaJcarAtra-M04001-IAST.txt,hayazirSsapaJcarAtra-M04001-IAST.txt,M04001,hayaśirṣsapañcarātra,,The Hayasirsa Paancharatram,,,Pandit Bhuban Mohan Sankhyatiratha,A Vaishnava Pancharatra Samhita dealing entirely with matters related to the construction and re-construction of temples and consecration of images.,Varendra Research Society,1952,CC BY-NC 4.0,128781
texts/jJAnArNavatantra-M00069-IAST.txt,jJAnArNavatantra-M00069-IAST.txt,M00069,jñānārṇavatantra,jñānārṇavatantram,,,,"malaviya, sudhakar",jñānārṇavatantram edited by Dr. Sudhakar Malaviya,,2007,CC BY-NC 4.0,185841
texts/jJAnadIkSA-E0005-IAST.txt,jJAnadIkSA-E0005-IAST.txt,E0005,jñānadīkṣā,,,,,,IFP transcript 88,,2013,CC BY-NC 4.0,10118
texts/jJAnakArikA-M00024-IAST.txt,jJAnakArikA-M00024-IAST.txt,M00024,jñānakārikā,,kaulajñānanirṇaya and some minor texts of the school of matsyendrānātha,matsyendrānātha,,"Bagchi, P. C.",The source of this e-text is Calcutta Sanskrit Series 3 - kaulajñānanirṇaya and some minor texts of the school of matsyendrānātha - where it is bundled along with kaulajñānanirṇaya kulānandatantra . T,Metropolitan Printing and Pub. House,1934,CC BY-NC 4.0,9634
texts/jJAnaratnAvalI-M0222-IAST.txt,jJAnaratnAvalI-M0222-IAST.txt,M0222,jñānaratnāvalī,,,jñānaśiva,,,E-text created from IFP/EFEO transcript T0231,,Publication city :,CC BY-NC 4.0,658886
texts/jJAnasAra-M00265-IAST.txt,jJAnasAra-M00265-IAST.txt,M00265,jñānasāra,,,,,,,,Publication city :,CC BY-NC 4.0,7135
texts/jJAnasaGkalinItantra-M00191-IAST.txt,jJAnasaGkalinItantra-M00191-IAST.txt,M00191,jñānasaṅkalinītantra,,,,,"caṭṭopādhyāya, rasika mohana",,"Unknown, late 19th century",Publication city :,CC BY-NC 4.0,11922
texts/jJAnasiddhyAgama-E0006-IAST.txt,jJAnasiddhyAgama-E0006-IAST.txt,E0006,jñānasiddhyāgama,,,,,,"IFP transcript 178 copied from a MS belonging to the GOML, Madras. No. R 16810",,2013,CC BY-NC 4.0,83915
texts/janmamaRanavicAra-M00155-IAST.txt,janmamaRanavicAra-M00155-IAST.txt,M00155,janmamaṛanavicāra,,,vāmadeva,,śāstrī m r,Photographed from volume 19 of the Kashmir Series of Texts and Studies.,Research Department Jammu and Kashmir State,1918,CC BY-NC 4.0,26208
texts/jayAkhyasaMhitA-M00123-IAST.txt,jayAkhyasaMhitA-M00123-IAST.txt,M00123,jayākhyasaṃhitā,,,,,kṛṣṇamācārya embar,Transcribed from the critical edition of Embar Krishnamacharya of the Baroda Oriental Institute,Baroda Oriental Institute,1957,CC BY-NC 4.0,525811
texts/kAkacaNDezvarImata-M00287-IAST.txt,kAkacaNDezvarImata-M00287-IAST.txt,M00287,kākacaṇḍeśvarīmata,,,,,,Kākacaṇḍeśvarīmata (the Teaching for the Fierce Crow Goddess). The text is framed as a dialogue between Kākacaṇḍeśvarī (also called Kākacāmuṇḍā) who is equated with Kaṃkālī (the Skeleton) and Kālarātr,,Publication city :,CC BY-NC 4.0,69890
texts/kAlAgniyajJavidhi-M00410-IAST.txt,kAlAgniyajJavidhi-M00410-IAST.txt,M00410,kālāgniyajñavidhi,,,,,,,,Publication city :,CC BY-NC 4.0,88605
texts/kAlAnalatantra-M00193-IAST.txt,kAlAnalatantra-M00193-IAST.txt,M00193,kālānalatantra,,,,,,NGMPP manuscript 1-42 śaivatantra reel no: B157/27 50 leaves (4 missing at the beginning),,Publication city :,CC BY-NC 4.0,107670
texts/kAlIkalpalatA-M00293-IAST.txt,kAlIkalpalatA-M00293-IAST.txt,M00293,kālīkalpalatā,,dakṣiṇakālīkalpalatā,vimarśānandanātha,,,"Kālīkalpalatā, also called Dakṣiṇakālīkalpalatā by Vimarśānandanātha is concerned with the ritual procedures for the worship of the goddess Dakṣiṇakālī and her consort Mahākāla. This form of Kālī is e",,Publication city :,CC BY-NC 4.0,96919
texts/kAlahastIzavilAsa-M00235-IAST.txt,kAlahastIzavilAsa-M00235-IAST.txt,M00235,kālahastīśavilāsa,,,,,,,,Publication city :,CC BY-NC 4.0,86569
texts/kAlikApurANam-M04002-IAST.txt,kAlikApurANam-M04002-IAST.txt,M04002,kālikāpurāṇam,,,,,pañcānana tarkavāgīśa,,Vangavasi Pree,1909,CC BY-NC 4.0,899738
texts/kAlikArahasya-T00242-IAST.txt,kAlikArahasya-T00242-IAST.txt,T00242,kālikārahasya,,,,,,,,Publication city :,CC BY-NC 4.0,6585
texts/kAllotara-E00011-IAST.txt,kAllotara-E00011-IAST.txt,E00011,kāllotara,kālottaratantra,kālottarÄgama,,,,This manuscript contains various versions of kāllotaratantra they are: 1) jñānapañcāsikā 2) śatikam also called kālajñāna- One Hundred Verse Kālottara 3) kālottaram sārddhaśatikam - One Hundred and Fi,,Publication city :,CC BY-NC 4.0,273590
texts/kAllotara-E00012-IAST.txt,kAllotara-E00012-IAST.txt,E00012,kāllotara,kāllotara mahātantra,bṛhadkālottara,,,,"A version of the Kālottara called Bṛhadkālottara - the Great Kālottara, so called because of it size.",,2013,CC BY-NC 4.0,512477
texts/kAllotara-E0011-IAST.txt,kAllotara-E0011-IAST.txt,E0011,kāllotara,kālottaratantra,kālottarÄgama,,,,This manuscript contains various versions of kāllotaratantra they are: 1) jñānapañcāsikā 2) śatikam also called kālajñāna- One Hundred Verse Kālottara 3) kālottaram sārddhaśatikam - One Hundred and Fi,,Publication city :,CC BY-NC 4.0,273590
texts/kAlottara-M00248-IAST.txt,kAlottara-M00248-IAST.txt,M00248,kālottara,kālottarāgama,,,,,,,Publication city :,CC BY-NC 4.0,410254
texts/kAmAkhyAtantra-M00132-IAST.txt,kAmAkhyAtantra-M00132-IAST.txt,M00132,kāmākhyātantra,,,,,r m caṭṭopādhyāya,Transcribed by the staff of Muktabodha.,unknown-pree 1900 Bengali Script,Publication city :,CC BY-NC 4.0,46879
texts/kAmadhenutantra-M00133-IAST.txt,kAmadhenutantra-M00133-IAST.txt,M00133,kāmadhenutantra,,,,,r m caṭṭopādhyāya,Transcribed by the staff of Muktabodha.,unknown-pree 1900 Bengali Script,Publication city :,CC BY-NC 4.0,68761
texts/kAmakalAvilAsa-M00025-IAST.txt,kAmakalAvilAsa-M00025-IAST.txt,M00025,kāmakalāvilāsa,kāmakalāvilāsa of puṇyānanda with the commentary cidvallī by naṭanānanda,cidvallī,puṇyānanda,naṭanānda,malaviya sudhakar,Volume 12 of the Kashmir Series of Texts and Studies,Research Department Jammu and Kashmir State,1918,CC BY-NC 4.0,41970
texts/kAmakalAvilAsa-M00282-IAST.txt,kAmakalAvilAsa-M00282-IAST.txt,M00282,kāmakalāvilāsa,kāmakalāvilāsa of puṇyānanda with the commentary cidvallī by naṭanānanda,cidvallī,puṇyānanda,naṭanānda,malaviya sudhakar,The e-text was created from electronic typesetting devanagari files for a printed edition by Sudhakar Malaviya. The conversion was done by computer programs created by the staff of Muktabodha. The DjV,Sudhakar Malaviya,2005,CC BY-NC 4.0,127884
texts/kAmaratnatantra-M00239-IAST.txt,kAmaratnatantra-M00239-IAST.txt,M00239,kāmaratnatantra,,,,,Hemachandra Goswami Tattabhusan,,Assam Government Press,1928,CC BY-NC 4.0,198998
texts/kAmezvarIpUjA-M00546-IAST.txt,kAmezvarIpUjA-M00546-IAST.txt,M00546,kāmeśvarīpūjā,,,,,,Ritual manual,,Publication city :,CC BY-NC 4.0,36969
texts/kAmyakarmakamalA-M00400-IAST.txt,kAmyakarmakamalA-M00400-IAST.txt,M00400,kāmyakarmakamalā,,kamalā,prāṇamañjarī,,,An extensive liturgcal manual for the worship of tripurasundarī,,Publication city :,CC BY-NC 4.0,898170
texts/kAtyAyanItantraTIka-M00631-IAST.txt,kAtyAyanItantraTIka-M00631-IAST.txt,M00631,kātyāyanītantraṭīka,,mantravyākhyāprakāśikā,nīlakaṇṭha,,,,,Publication city :,CC BY-NC 4.0,29987
texts/kSurikopaniSat-M00108-IAST.txt,kSurikopaniSat-M00108-IAST.txt,M00108,kṣurikopaniṣat,yoga upaniṣads with the commentary of śrī upaniṣad brahmayogin,kṣurika upaniṣat,,brahmayogin,śāstrī mahādeva,,Adyar library and research centre,1920,CC BY-NC 4.0,12722
texts/kaGkAlamAlinItantra-M00026-IAST.txt,kaGkAlamAlinItantra-M00026-IAST.txt,M00026,kaṅkālamālinītantra,kaṅkālamālinītantram,,,,Chatterjee,From the edition by Chatterjee published in Calcutta end of 19th century Script Bengali,Publication year : Pre-1900,Pre-1900,CC BY-NC 4.0,57859
texts/kaivalyasAra-M00602-IAST.txt,kaivalyasAra-M00602-IAST.txt,M00602,kaivalyasāra,,,,,,vīraśaiva text,Publication year : 1907,1907,CC BY-NC 4.0,109220
texts/kalasaMkarSinImatatantraTippaNI-M00320-IAST.txt,kalasaMkarSinImatatantraTippaNI-M00320-IAST.txt,M00320,kalasaṃkarṣinīmatatantraṭippaṇī,,,,,,"Description by Mark S.G. Dyczkowski: The Kalasaṃkarṣinīmatatantra which the colophons declare extends for 24,000 verses is related to the Jayadrathayamala. The latter was considered to be so important",,Publication city :,CC BY-NC 4.0,42188
texts/kalazArcanavidhi-M00511-IAST.txt,kalazArcanavidhi-M00511-IAST.txt,M00511,kalaśārcanavidhi,,,siddhalakṣmīdevī,,,,,Publication city :,CC BY-NC 4.0,36582
texts/kalpavRkSa-M00051-IAST.txt,kalpavRkSa-M00051-IAST.txt,M00051,kalpavṛkṣa,,,sāhib kaul,,,"From manuscript no. 1353 of oriental research library university campus, hazaratbal, no. of folios 37 (pages: 74) size of ms 25 x 17.3 cm. paper language/script/condition saMskrit/zarada/bad",,Publication city :,CC BY-NC 4.0,111225
texts/kamalAnAmnI_tripurasundarIpaddhati-M00523-IAST.txt,kamalAnAmnI tripurasundarIpaddhati-M00523-IAST.txt,M00523,kamalānāmnī tripurasundarīpaddhati,,,,,,,,Publication city :,CC BY-NC 4.0,898368
texts/kamikAgama_pUrvabhAga-M00124-IAST.txt,kamikAgama pUrvabhAga-M00124-IAST.txt,M00124,kamikāgama pūrvabhāga,,,,,,Transcribed from an edition in Grantha script published in Madras in 1909,Publication year : 1909,1909,CC BY-NC 4.0,560281
texts/kamikAgama_uttarabhAga-M00125-IAST.txt,kamikAgama uttarabhAga-M00125-IAST.txt,M00125,kamikāgama uttarabhāga,,,,,,Transcribed from an edition in Grantha script published in Madras in 1909,Publication year : 1909,1909,CC BY-NC 4.0,791179
texts/karaNAgama-M00208-IAST.txt,karaNAgama-M00208-IAST.txt,M00208,karaṇāgama,karaṇāgama kriyāpāda,,,,,karaṇāgama kriyāpāda,śaivabhāratīśodhapratiṣṭhāna,1994,CC BY-NC 4.0,86688
texts/karpUrAdistotra-M00236-IAST.txt,karpUrAdistotra-M00236-IAST.txt,M00236,karpūrādistotra,,,,,Arthur Avalon,,Calcutta Anusamdhana Samiti,Publication city : Calcutta,CC BY-NC 4.0,57002
texts/kaulArcanadIpikA_zrIjJAnatantra-M00633-IAST.txt,kaulArcanadIpikA zrIjJAnatantra-M00633-IAST.txt,M00633,kaulārcanadīpikā śrījñānatantra,,,totakaula,,,,,Publication city :,CC BY-NC 4.0,70101
texts/kaulAvalInirNaya-M00231-IAST.txt,kaulAvalInirNaya-M00231-IAST.txt,M00231,kaulāvalīnirṇaya,,,jñānānandaparamahaṃsa,,Arthur Avalon,,Tantrik Text Series,1927,CC BY-NC 4.0,410387
texts/kaulajJAnanirNaya-M00027-IAST.txt,kaulajJAnanirNaya-M00027-IAST.txt,M00027,kaulajñānanirṇaya,kaulajñānanirṇaya and some minor texts of the school of matsyendrānātha,,matsyendrānātha,,"Bagchi, P. C.","The source of this e-text is Calcutta Sanskrit Series 3 - kaulajñānanirṇaya and some minor texts of the school of matsyendrānātha - where it is bundled along with akulavīratantra kulAnandatantra>, and",Metropolitan Printing and Pub. House,1934,CC BY-NC 4.0,78164
texts/kaularahasya-M00326-IAST.txt,kaularahasya-M00326-IAST.txt,M00326,kaularahasya,,,,,,,,2015,CC BY-NC 4.0,258605
texts/kaulopaniSad-M00028-IAST.txt,kaulopaniSad-M00028-IAST.txt,M00028,kaulopaniṣad,kaula upanishads with commentaries by bhāskarāya,"bhāvanopaniṣat śrīlalitāmahātripurasundaryupaniṣat and commentary called bahvṛcavedīyā, devyatharvaśīrṣopaniṣat ,śrīkaulopaniṣat",,,,,asthana vidwan k. p. narayana sastry,1946,CC BY-NC 4.0,86442
texts/kaumArasaMhitA-M00661-IAST.txt,kaumArasaMhitA-M00661-IAST.txt,M00661,kaumārasaṃhitā,,,,,,Copied from Shri Raghunath Temple MSS Library manuscript 4078 digitized by eGangotri on archive.org,,Publication city :,CC BY-NC 4.0,22666
texts/kedArakalpa-M00671-IAST.txt,kedArakalpa-M00671-IAST.txt,M00671,kedārakalpa,,,,,S,,Venkatesvara Steam Press,1907,CC BY-NC 4.0,193154
texts/kiJcitatantra-M00199-IAST.txt,kiJcitatantra-M00199-IAST.txt,M00199,kiñcitatantra,,,,,,Transcribed from NGMPP manuscript 4-1867 śaivatantra 199 ga Reel no: b 142/7,,Publication city :,CC BY-NC 4.0,43090
texts/krIyakramAdyotikA-M00126-IAST.txt,krIyakramAdyotikA-M00126-IAST.txt,M00126,krīyakramādyotikā,,,aghorāśiva,,,Transcribed from a 1927 cidambaram edition in Grantha script supplied by Richard Davis.,cidambaram,1927,CC BY-NC 4.0,372091
texts/kramadIpikA-M00029-IAST.txt,kramadIpikA-M00029-IAST.txt,M00029,kramadīpikā,,tantrasārādivividhatantrasaṃgraha,śrīrasikamohana caṭṭopādhyāya,,,Originally published in Bengali script,kalikātā,Pre-1900,CC BY-NC 4.0,88623
texts/kriyAkAlaguNottara-M00278-IAST.txt,kriyAkAlaguNottara-M00278-IAST.txt,M00278,kriyākālaguṇottara,,,,,,Ninth or tenth century early tantric work on Sorcery and healing.,,Publication city :,CC BY-NC 4.0,187278
texts/kriyAsAra_volume_1-M00118-IAST.txt,kriyAsAra volume 1-M00118-IAST.txt,M00118,kriyāsāra volume 1,,,nīlakaṇṭha,,venkathanāthācārya n s,Transcribed from Sanskrit Series volume 95 of Oriental Research Institute Publications.,Oriental Research Institute,1954,CC BY-NC 4.0,284811
texts/kriyAsAra_volume_2-M00050-IAST.txt,kriyAsAra volume 2-M00050-IAST.txt,M00050,kriyāsāra volume 2,,,nīlakaṇṭha,,venkathanāthācārya n s,Transcribed from Sanskrit Series volume 99 of Oriental Research Institute Publications.,Oriental Research Institute,1954,CC BY-NC 4.0,697210
texts/kriyAsAra-E0007-IAST.txt,kriyAsAra-E0007-IAST.txt,E0007,kriyāsāra,,nigamāgamasārasaṅgraha,,,,IFP transcript 352,,2013,CC BY-NC 4.0,284811
texts/kriyAsAratattvaprakAzinIvyAkhyA-M00232-IAST.txt,kriyAsAratattvaprakAzinIvyAkhyA-M00232-IAST.txt,M00232,kriyāsāratattvaprakāśinīvyākhyā,,,,nārāyaṇa,,,,Publication city :,CC BY-NC 4.0,622630
texts/kriyakramadyotikavyAkhyA-M00324-IAST.txt,kriyakramadyotikavyAkhyA-M00324-IAST.txt,M00324,kriyakramadyotikavyākhyā,,,kacchapeśvaraśivācārya,,,IFP transcript T00109 copied from a manuscript belonging to Siva Sri Swaminatha Sivacharya of Tiruvaduturai Tanjavur Dt.,,Publication city :,CC BY-NC 4.0,241719
texts/kriyoDDIzamahAtantrarAja-M00512-IAST.txt,kriyoDDIzamahAtantrarAja-M00512-IAST.txt,M00512,kriyoḍḍīśamahātantrarāja,,,,,,Deals with magic rites and mantras used to control others and to protect oneself from others.,Caukhamba krishnadasa academy,1954,CC BY-NC 4.0,68720
texts/kubjikASTAviMzatikarmArcana-M00551-IAST.txt,kubjikASTAviMzatikarmArcana-M00551-IAST.txt,M00551,kubjikāṣṭāviṃśatikarmārcana,,,,,,Ritual manual,,Publication city :,CC BY-NC 4.0,108450
texts/kubjikAguhyezvarIpUjApaddhati-M00547-IAST.txt,kubjikAguhyezvarIpUjApaddhati-M00547-IAST.txt,M00547,kubjikāguhyeśvarīpūjāpaddhati,,,,,,Ritual manual,,Publication city :,CC BY-NC 4.0,45833
texts/kubjikAgurumaNDalapUjA-M00548-IAST.txt,kubjikAgurumaNDalapUjA-M00548-IAST.txt,M00548,kubjikāgurumaṇḍalapūjā,,,,,,Ritual manual,,Publication city :,CC BY-NC 4.0,9177
texts/kubjikApUjA-M00549-IAST.txt,kubjikApUjA-M00549-IAST.txt,M00549,kubjikāpūjā,,,,,,Ritual manual,,Publication city :,CC BY-NC 4.0,18895
texts/kubjikAsamayanirvANadIkSAvidhi-M00550-IAST.txt,kubjikAsamayanirvANadIkSAvidhi-M00550-IAST.txt,M00550,kubjikāsamayanirvāṇadīkṣāvidhi,,,,,,Ritual manual,,Publication city :,CC BY-NC 4.0,80158
texts/kubjikAtantra-M00030-IAST.txt,kubjikAtantra-M00030-IAST.txt,M00030,kubjikātantra,kubjikātantram,,,,Chatterjee,First published in the late 19th Century in Bengali characters.,Publication year : Pre-1900,Pre-1900,CC BY-NC 4.0,88721
texts/kulAlazAstra-M00274-IAST.txt,kulAlazAstra-M00274-IAST.txt,M00274,kulālaśāstra,,,,,,This is a Tantra revealed through a certain Kulālaṛṣi the Potter ṛṣi. It contains a series of procedures (vidhi) commonly required in the course of ritual such as the establishment of the sacrificial ,,Publication city :,CC BY-NC 4.0,65368
texts/kulAnandAdi-M00284-IAST.txt,kulAnandAdi-M00284-IAST.txt,M00284,kulānandādi,,,,,,"The manuscript called Kulānandādi contains short tracts and fragments of early Kaula works. The first is called Kulānanda covers the first seven folios. As it attributed to Matsyendranātha, it is impo",,Publication city :,CC BY-NC 4.0,35362
texts/kulAnanda-M00513-IAST.txt,kulAnanda-M00513-IAST.txt,M00513,kulānanda,kulānandatantra,,matyendranātha,,P. C. Bagchi,Taken from kaulajñānanirṇaya and some minor texts of the school of Matsyendranatha pages 107-113.,Publication year : 1934,1934,CC BY-NC 4.0,6764
texts/kulArNavatantra-M00031-IAST.txt,kulArNavatantra-M00031-IAST.txt,M00031,kulārṇavatantra,kulārṇavatantram,,,,"Malaviya, Sudhakar",Created from a devanagari electronically typeset file prepared by Dr. Sudhakar Malaviya and then converted to roman transliteration by computer programs created by the Muktabodha Indological Research ,Internet publisher: Muktabodha Indological Research Institut,2005,CC BY-NC 4.0,228462
texts/kulacUDAmaNi_nigama-M00402-IAST.txt,kulacUDAmaNi nigama-M00402-IAST.txt,M00402,kulacūḍāmaṇi nigama,,,,,Arthur Avalon,,Ganesh and Co.,1915,CC BY-NC 4.0,50804
texts/kuladIpikA-M0230-IAST.txt,kuladIpikA-M0230-IAST.txt,M0230,kuladīpikā,Kuladīpikā uttaraṣaṭkam ṣaḍvidyāprakāśikā,,tryambakabhaṭṭaraka,,,,,Publication city :,CC BY-NC 4.0,222237
texts/kulamuktikallolinI-M00318-IAST.txt,kulamuktikallolinI-M00318-IAST.txt,M00318,kulamuktikallolinī,,,navamīsiṃha,,,Description by Mark S.G. Dyczkoski: The author of the Kulamuktikallolinī is Navamīsiṃha also called Adyananda. He introduces himself in the beginning of his Tantracintāmaṇi (Asiatic Society of Bengal ,,Publication city :,CC BY-NC 4.0,1024551
texts/kulapradIpa-M00068-IAST.txt,kulapradIpa-M00068-IAST.txt,M00068,kulapradīpa,kulapradīpa,,śivānandācārya,,,"Typed from MSs no. 1800 Ã¢â‚¬â€œ 134. Formerly in the India Office collection. Now deposited in the British Library, London This manuscript has not been edited.",,2007,CC BY-NC 4.0,118251
texts/kulasAra-M00285-IAST.txt,kulasAra-M00285-IAST.txt,M00285,kulasāra,,kaulasārasaṃgraha,,,,"This manuscript is called Kulasāra, but is in fact a collection of fragment of three Kaula tracts. The first is Kaulsārasaṃgraha which, according to the colophons is a part of the Somabhujavalī. It be",,Publication city :,CC BY-NC 4.0,32766
texts/kulasAra-M00294-IAST.txt,kulasAra-M00294-IAST.txt,M00294,kulasāra,,,,,,The manuscript is incomplete. It begins abruptly in the middle of chapter (paṭala) four and then continues from chapter eight to seventeen where it ends abruptly. The Kulasāra is quoted by non-dualist,,Publication city :,CC BY-NC 4.0,84389
texts/kulavRtti-M00331-IAST.txt,kulavRtti-M00331-IAST.txt,M00331,kulavṛtti,,,pūrṇānanda,,,,,2015,CC BY-NC 4.0,787028
texts/laghustava-M00306-IAST.txt,laghustava-M00306-IAST.txt,M00306,laghustava,,,,harabhaṭṭa sastrī,,From volume 90 of the KSTS series,Fine Art Press,1963,CC BY-NC 4.0,154902
texts/laghustuti_with_commentary_by_rAgavAnanda-M00355-IAST.txt,laghustuti with commentary by rAgavAnanda-M00355-IAST.txt,M00355,laghustuti with commentary by rāgavānanda,,,laghubhaṭṭāraka,rāgavānanda,,Volume 60 of anantaśayanasaṃskṛtagranthāvali,ānantaśayanasaṃskṛtagranthavali,1936,CC BY-NC 4.0,71666
texts/laghuyogavAsiSTha_with_commentary_vAsiSThacandrikA-M00351-IAST.txt,laghuyogavAsiSTha with commentary vAsiSThacandrikA-M00351-IAST.txt,M00351,laghuyogavāsiṣṭha with commentary vāsiṣṭhacandrikā,,,,,Vasudeva Sharma Panasikara,,Publication year : 1933,1933,CC BY-NC 4.0,1130960
texts/lakSmItantra-M00206-IAST.txt,lakSmItantra-M00206-IAST.txt,M00206,lakṣmītantra,lakṣmītantra edited with sanskrit gloss by: paṇḍita kṛṣṇamacarya,,,paṇḍita kṛṣṇamacarya,,,Adyar Library and Research Center,1959,CC BY-NC 4.0,522541
texts/lakSmItantra-M00332-IAST.txt,lakSmItantra-M00332-IAST.txt,M00332,lakṣmītantra,,,,,Pandit V. Krishnamacharya,,Publication year : 1959,1959,CC BY-NC 4.0,514607
texts/lalitAgama-M00252-IAST.txt,lalitAgama-M00252-IAST.txt,M00252,lalitāgama,lalitāgamaḥ saṃprokṣaṇavidhimātram,,,,,Transcribed from IFP transcript T0202 which is copied from a manuscript of Swaminatha Gurukkal Tiruvanadudurai See Muktabodha IFP/EFEO on-line catalog for bibliographic details at www.muktabodha.org .,,Publication city :,CC BY-NC 4.0,3141
texts/lalitaasahasranaama-M00057-IAST.txt,lalitaasahasranaama-M00057-IAST.txt,M00057,lalitaasahasranaama,lalitāsahasranāmastotram with the commentary saubhāgyabhāskara,saubhāgyabhāskara,,bhāskararāya,vāsudev lakṣmaṇa  śāstrī paṇśīkar,,pānduraṅga tāvaji nirṇaya sāgara press,1935,CC BY-NC 4.0,624834
texts/lallezvarIvAkyAni-M00032-IAST.txt,lallezvarIvAkyAni-M00032-IAST.txt,M00032,lalleśvarīvākyāni,,,lalleśvarī,bhāskara,,Text is vol. 26 of the Kashmir Series of Texts and Studies .,"Research Department, Jammu and Kashmir State",1918,CC BY-NC 4.0,16666
texts/liGgArcanatantra-M00514-IAST.txt,liGgArcanatantra-M00514-IAST.txt,M00514,liṅgārcanatantra,,,,,,Deals with the worship of the Lingam.,,Publication city :,CC BY-NC 4.0,58762
texts/liGgadhAraNacandrikA-M00333-IAST.txt,liGgadhAraNacandrikA-M00333-IAST.txt,M00333,liṅgadhāraṇacandrikā,,,nandikeśvara,śivakumāraśāstri,,,Medical Hall,1905,CC BY-NC 4.0,258065
texts/mAhezvaratantra-m00225-IAST.txt,mAhezvaratantra-m00225-IAST.txt,m00225,māheśvaratantra,śriimāheśvaratantra,,,,,,Chowkhamba,1940,CC BY-NC 4.0,346347
texts/mAlinIvijayavArtika-M00158-IAST.txt,mAlinIvijayavArtika-M00158-IAST.txt,M00158,mālinīvijayavārtika,,,abhinavagupta,,,Photographed from volume 32 of the Kashmir Series of Texts and Studies.,Research Department Jammu and Kashmir State,1921,CC BY-NC 4.0,159689
texts/mAlinIvijayottaratantra-M00160-IAST.txt,mAlinIvijayottaratantra-M00160-IAST.txt,M00160,mālinīvijayottaratantra,mālinīvijayatantra,,,,śāstrī M.R.,Photographed from volume 37 of the Kashmir Series of Texts and Studies.,Research Department Jammu and Kashmir State,1922,CC BY-NC 4.0,138049
texts/mAtRkAbhedatantra-M00662-IAST.txt,mAtRkAbhedatantra-M00662-IAST.txt,M00662,mātṛkābhedatantra,,,,,,"Copied from Calcutta Sanskrit Series VII edited by Chintamani Bhattacharya, 1933",Metropolitan Printing and Publishing House,1933,CC BY-NC 4.0,143776
texts/mAtRkAcakraviveka-M00341-IAST.txt,mAtRkAcakraviveka-M00341-IAST.txt,M00341,mātṛkācakraviveka,,,svatantrānandanatha,,Pandit Lalita Prasada Dabral,Volume 50 of the Princess of Wales Saraswati Bhavana Texts. Edited and with an introduction by Pandit Lalita Prasada Dabral.,Princess of Wales Saraswati Bhavana Texts,1934,CC BY-NC 4.0,199417
texts/mAtRkArNanighaNTu-M00626-IAST.txt,mAtRkArNanighaNTu-M00626-IAST.txt,M00626,mātṛkārṇanighaṇṭu,,,bhānudīkṣitaḥ nārāyaṇadīkṣita-putraḥ,,,Title page:,,Publication city :,CC BY-NC 4.0,8448
texts/mAtRkAtantra-M00634-IAST.txt,mAtRkAtantra-M00634-IAST.txt,M00634,mātṛkātantra,,,,,,śāradā script,,Publication city :,CC BY-NC 4.0,23890
texts/mRgendrAgama-M00037-IAST.txt,mRgendrAgama-M00037-IAST.txt,M00037,mṛgendrāgama,mṛgendrāgama with vṛtti by bhaṭṭa nārāyaṇakaṇṭha and dīpikā by aghoraśivācārya,mṛgendratantra,,nārāyaṇakaṇṭha,śāstrī kṛṣṇa,Transcribed from vol. 12 of the Devakottai series with provisional corrections by Mark S. G. Dyczkowski.,śivāgama siddhānta paripalana saṅgham,1928,CC BY-NC 4.0,484254
texts/mRgendrapaddhatiTIkA-M00212-IAST.txt,mRgendrapaddhatiTIkA-M00212-IAST.txt,M00212,mṛgendrapaddhatiṭīkā,,,,vaktraśambhu,,Copied from IFP transcript T1021 which itself is a copy of manuscript RE 40086 of the IFP.,,2010,CC BY-NC 4.0,226997
texts/mRgendravRtti-M00663-IAST.txt,mRgendravRtti-M00663-IAST.txt,M00663,mṛgendravṛtti,,,bhaṭṭanārāyaṇakaṇṭha,,,Copied from Shri Raghunath Temple MSS Library manuscript 4387 digitized by eGangotri on archive.org,,Publication city :,CC BY-NC 4.0,265308
texts/mRgendravRttidIpikA-M00255-IAST.txt,mRgendravRttidIpikA-M00255-IAST.txt,M00255,mṛgendravṛttidīpikā,,,aghoraśivācārya,,,"Transcribed from IFP transcript T0265 which is copied from ms. no. 6409 belonging to S.V.U. Oriental Research Institute, Tirupati.",,Publication city :,CC BY-NC 4.0,15729
texts/mRtitatvAnusandhAndarzanam-M00644-IAST.txt,mRtitatvAnusandhAndarzanam-M00644-IAST.txt,M00644,mṛtitatvānusandhāndarśanam,,,,,,Paper manuscript in sharada script.,,Publication city :,CC BY-NC 4.0,34133
texts/mRtyuJjayakalpa-M00413-IAST.txt,mRtyuJjayakalpa-M00413-IAST.txt,M00413,mṛtyuñjayakalpa,,,,,,,,Publication city :,CC BY-NC 4.0,140678
texts/mRtyuNjayanityArcanavidhi-M00553-IAST.txt,mRtyuNjayanityArcanavidhi-M00553-IAST.txt,M00553,mṛtyuṇjayanityārcanavidhi,,,,,,Ritual manual,,Publication city :,CC BY-NC 4.0,8859
texts/mRtyuNjayapUjApaddhati-M00554-IAST.txt,mRtyuNjayapUjApaddhati-M00554-IAST.txt,M00554,mṛtyuṇjayapūjāpaddhati,,,,,,Ritual manual,,Publication city :,CC BY-NC 4.0,7894
texts/maNDalabrAhmaNopaniSat-M00110-IAST.txt,maNDalabrAhmaNopaniSat-M00110-IAST.txt,M00110,maṇḍalabrāhmaṇopaniṣat,yoga upaniṣads with the commentary of śrī upaniṣad brahmayogin,maṇḍalabrāhmaṇa upaniṣat,,brahmayogin,śāstrī mahādeva,,Adyar library and research centre,1920,CC BY-NC 4.0,34031
texts/madhyapIThapUjAvidhi-M00515-IAST.txt,madhyapIThapUjAvidhi-M00515-IAST.txt,M00515,madhyapīṭhapūjāvidhi,,,,,,,,Publication city :,CC BY-NC 4.0,36580
texts/mahAbhairavapUjA-M00524-IAST.txt,mahAbhairavapUjA-M00524-IAST.txt,M00524,mahābhairavapūjā,,,,,,A Nepalese paddhati for the worship of ākāśabhairava who has a large temple in Kathmandu.,,Publication city :,CC BY-NC 4.0,23941
texts/mahAdAnavidhiH-M00408-IAST.txt,mahAdAnavidhiH-M00408-IAST.txt,M00408,mahādānavidhiḥ,,,,,,,,Publication city :,CC BY-NC 4.0,1491
texts/mahAguhyakAlIvidhAna-M00516-IAST.txt,mahAguhyakAlIvidhAna-M00516-IAST.txt,M00516,mahāguhyakālīvidhāna,,,,,,,,Publication city :,CC BY-NC 4.0,25310
texts/mahAguhyakAlIvidhAnam-M04003-IAST.txt,mahAguhyakAlIvidhAnam-M04003-IAST.txt,M04003,mahāguhyakālīvidhānam,,,,,,,,Publication city :,CC BY-NC 4.0,25308
texts/mahAlakSmIdIpadAnavidhiH-M04004-IAST.txt,mahAlakSmIdIpadAnavidhiH-M04004-IAST.txt,M04004,mahālakṣmīdīpadānavidhiḥ,,,,,,A liturgical manual on the worship of mahālakṣmī,,Publication city :,CC BY-NC 4.0,50431
texts/mahAlakSmIpUjAvidhiH-M00407-IAST.txt,mahAlakSmIpUjAvidhiH-M00407-IAST.txt,M00407,mahālakṣmīpūjāvidhiḥ,,,,,,Ritual manual on the worship of mahālakṣmī,,Publication city :,CC BY-NC 4.0,18213
texts/mahAnayaprakAza-M00033-IAST.txt,mahAnayaprakAza-M00033-IAST.txt,M00033,mahānayaprakāśa,mahanayaprakāśaḥ,,śitikaṇṭha,,śāstrī m. r.,The text is from vol. 21 of the Kashmir Series of Texts and Studies - The mahānaya-prakāśa of rājānaka śitikaṇṭha . The e-text is based on the above text but has corrections by Mark S. G. Dyczkowski.,"Research Department, Jammu and Kashmir State",1918,CC BY-NC 4.0,105942
texts/mahAnayaprakAza-M00034-IAST.txt,mahAnayaprakAza-M00034-IAST.txt,M00034,mahānayaprakāśa,mahanayaprakāśaḥ,,unknown (see catalog record notes),,śāstrī k. s.,"The e-text is from the Trivandrum Sanskrit Series No. CXXX, also published in Sri Citrodaya-mañjari Series No. XIX, 1937.",Trivandrum Sanskrit Series,1937,CC BY-NC 4.0,60458
texts/mahAnirvAnatantra-M00049-IAST.txt,mahAnirvAnatantra-M00049-IAST.txt,M00049,mahānirvānatantra,mahānirvānatantra with the commentary of hariharānanda bharati,,,hariharānanda bharati,arthur avalon,Data entered from the Tantrik Series Vol. 13 edited by Arthur Avalon (Sir John Woodroffe),luzac and company,1926,CC BY-NC 4.0,665270
texts/mahApratyaGgIrA-M00552-IAST.txt,mahApratyaGgIrA-M00552-IAST.txt,M00552,mahāpratyaṅgīrā,,,,,,Buddhist,,Publication city :,CC BY-NC 4.0,307443
texts/mahArthamaJjarI-M00035-IAST.txt,mahArthamaJjarI-M00035-IAST.txt,M00035,mahārthamañjarī,mahārthamañjarī with the parimala commentary,,maheśvarānanda,,śāstrī gaṇapati,E-text is of mahārthamañjarī with the commentary parimala. Both by maheśvarānanda transkribed from Trivandrum Sanskrit Series No. 66.,Trivandrum Sanskrit Series,1919,CC BY-NC 4.0,304495
texts/mahAvAkyopaniSat-M00109-IAST.txt,mahAvAkyopaniSat-M00109-IAST.txt,M00109,mahāvākyopaniṣat,yoga upaniṣads with the commentary of śrī upaniṣad brahmayogin,mahāvākya upaniṣat,,brahmayogin,śāstrī mahādeva,,Adyar library and research centre,1920,CC BY-NC 4.0,9101
texts/mahAyAgakrama-M00205-IAST.txt,mahAyAgakrama-M00205-IAST.txt,M00205,mahāyāgakrama,,,bhaskararaya,,,,Asthana Vidwan K. P.  Narayana Sastry,1946,CC BY-NC 4.0,86749
texts/mahotsavavidhikrama-M00131-IAST.txt,mahotsavavidhikrama-M00131-IAST.txt,M00131,mahotsavavidhikrama,,,aghoraśiva,,Richard Davis,Transcribed by prof. richard davis from printed book published in south India in grantha script. bibliographical details not available. corrections by prof. Richard Davis. original readings in the pri,unknown,Publication city :,CC BY-NC 4.0,52791
texts/makuTAgama_vIrazaiva_rescension-M00202-IAST.txt,makuTAgama vIrazaiva rescension-M00202-IAST.txt,M00202,makuṭāgama vīraśaiva rescension,makuṭāgama vīraśaiva rescension kriyācaryāpāadau,,,,,With kind permission of ārādhya candraśekharasvāmī head of jaṃgamavāḍī māṭha vārāṇasī and president of the śaivabhāratī śodhapratiṣṭhāna,śaivabhāratī śodhapratiṣṭhāna,1994,CC BY-NC 4.0,51767
texts/makuTAgama-M00036-IAST.txt,makuTAgama-M00036-IAST.txt,M00036,makuṭāgama,makuṭāgama chapters 1 - 11,,,,swaminattha gurukkal c.,This e-text was transcribed from the text originally published in grantha script by C. Swaminattha Gurukkal and provisionally corrected by Mark S.G. Dyczkowski.,swaminattha gurukkal c.,1947,CC BY-NC 4.0,220860
texts/makuTottararahasya-M00525-IAST.txt,makuTottararahasya-M00525-IAST.txt,M00525,makuṭottararahasya,mantrayogoddhāra,chapter 3 of makuṭottararahasya,,,,"A description of how to draw a yantra called śrīsabhā and the placement of the deities around the central couple, that is, the dancing śiva as Cidambara and his consort.",,Publication city :,CC BY-NC 4.0,11716
texts/mantracandrikA-M00635-IAST.txt,mantracandrikA-M00635-IAST.txt,M00635,mantracandrikā,,,gosvāmījanārdanaḥ jagannivāsaputraḥ,,,,,Publication city :,CC BY-NC 4.0,187198
texts/mantrakaumudI-M00229-IAST.txt,mantrakaumudI-M00229-IAST.txt,M00229,mantrakaumudī,,,devanātha thakkur,,,"The Mantrakaumudii is by Devanaatha Thakkur who was was born c. 1490 in Mithilaa where he lived and worked. He is the author numerous works, on various subjects, not only Tantra. He wrote the Mantraka",Publication year : 1960,1960,CC BY-NC 4.0,241597
texts/mantrakoSa-M00292-IAST.txt,mantrakoSa-M00292-IAST.txt,M00292,mantrakoṣa,,,āśāditya tripāṭhi,,,The Mantrakoṣa - A Treasure Chest of Mantra - is as its name suggests a collection of Mantras and matters dealing with their recitation in the context of ritual. This late work was written by a certai,,Publication city :,CC BY-NC 4.0,325017
texts/matatrayaikyaprakAzikA-E0009-IAST.txt,matatrayaikyaprakAzikA-E0009-IAST.txt,E0009,matatrayaikyaprakāśikā,,,aiyyaṇācārya,,,"IFP transcript 582 copied from a ms (tr 275, 38-a-21) belonging to adyar library, madras",,2013,CC BY-NC 4.0,292282
texts/merutantra-M00195-IAST.txt,merutantra-M00195-IAST.txt,M00195,merutantra,merutantra with ṭippani,,,raghunāthaśāstri,,,śrīvenkateśvara,1908,CC BY-NC 4.0,1684360
texts/mohacUDottara-M00304-IAST.txt,mohacUDottara-M00304-IAST.txt,M00304,mohacūḍottara,mohacūḍottara,,,,,,,2014,CC BY-NC 4.0,112434
texts/mokSasopAna-M00315-IAST.txt,mokSasopAna-M00315-IAST.txt,M00315,mokṣasopāna,mokṣasopāna with commentary tīkā,,kāṇḍadvayātītayogī,,,Description by Mark S.G. Dyczkowski: Nothing is known about the author of the Mokṣasopāna or the author of the Tīkā . According to the catalogus catalogorum he was called Kāṇḍadvayātītayogī. The godde,,Publication city :,CC BY-NC 4.0,59165
texts/muNDamAlAtantram_1-M00537-IAST.txt,muNDamAlAtantram 1-M00537-IAST.txt,M00537,muṇḍamālātantram 1,,,,,rasika mohana caṭṭopādhyāya,"This tantra is a different text from muṇḍamālātantra II, though they coincide in their contents and concerns and belong to the same period. A fairly late tantra.",Publication year :,Publication city : Calcutta,CC BY-NC 4.0,92884
texts/muNDamAlAtantram_2-M00538-IAST.txt,muNDamAlAtantram 2-M00538-IAST.txt,M00538,muṇḍamālātantram 2,,,,,rasika mohana caṭṭopādhyāya,"This tantra is a different text from muṇḍamālātantra I, though they coincide in their contents and concerns and belong to the same period. A fairly late tantra.",Publication year :,Publication city : Calcutta,CC BY-NC 4.0,25623
texts/mudrAprakAza-M00627-IAST.txt,mudrAprakAza-M00627-IAST.txt,M00627,mudrāprakāśa,,,,,,Title page:,,Publication city :,CC BY-NC 4.0,29972
texts/mukuTAgama-M00424-IAST.txt,mukuTAgama-M00424-IAST.txt,M00424,mukuṭāgama,,makuṭāgama,,,,,,Publication city :,CC BY-NC 4.0,231289
texts/nATyazAstram_Vol._1-M00359-IAST.txt,nATyazAstram Vol. 1-M00359-IAST.txt,M00359,nāṭyaśāstram Vol. 1,nāṭyaśaāstram with the commentary of Abhinavagupta ch. 1 - 7,,,abhinavagupta,M. Ramakrishna Kavi,Gaekwads Oriental Series no. 36 edited by M. Ramakrishna Kavi second revised edition by K. S. Ramaswami Shastri,Oriental Institute,1956,CC BY-NC 4.0,582060
texts/nATyazAstram_Vol._2-M00361-IAST.txt,nATyazAstram Vol. 2-M00361-IAST.txt,M00361,nāṭyaśāstram Vol. 2,nāṭyaśaāstram with the commentary of Abhinavagupta ch. 8 - 18,,,abhinavagupta,M. Ramakrishna Kavi,Gaekwads Oriental Series no. 68 edited by M. Ramakrishna Kavi second revised edition by K. S. Ramaswami Shastri,Oriental Institute,1934,CC BY-NC 4.0,555560
texts/nATyazAstram_Vol._3-M00362-IAST.txt,nATyazAstram Vol. 3-M00362-IAST.txt,M00362,nāṭyaśāstram Vol. 3,nāṭyaśaāstram with the commentary of Abhinavagupta ch. 19-27,,,abhinavagupta,M. Ramakrishna Kavi,Gaekwads Oriental Series no. 124 edited by M. Ramakrishna Kavi second revised edition by K. S. Ramaswami Shastri,Oriental Institute,1934,CC BY-NC 4.0,378484
texts/nAdAnusandhAna-M00526-IAST.txt,nAdAnusandhAna-M00526-IAST.txt,M00526,nādānusandhāna,,,,,,A tract on the yoga of the unstruck sound.,,Publication city :,CC BY-NC 4.0,10611
texts/nAdabindUpaniSat-M00111-IAST.txt,nAdabindUpaniSat-M00111-IAST.txt,M00111,nādabindūpaniṣat,yoga upaniṣads with the commentary of śrī upaniṣad brahmayogin,nādabindu upaniṣat,,brahmayogin,śāstrī mahādeva,,Adyar library and research centre,1920,CC BY-NC 4.0,16553
texts/narezvaraparIkSA-M00039-IAST.txt,narezvaraparIkSA-M00039-IAST.txt,M00039,nareśvaraparīkṣā,nareśvaraparīkṣā of sadyojyoti with prakāśa commentary by rāmakaṇṭha,,sadyojyoti,rāmakaṇṭha,śāstrī m k,E-text transcribed from Kashmir Series of Texts and Studies vol. 45 .,Research Department Jammu and Kashmir State,1926,CC BY-NC 4.0,242836
texts/navArNavacaNDipaJjAGga-M00628-IAST.txt,navArNavacaNDipaJjAGga-M00628-IAST.txt,M00628,navārṇavacaṇḍipañjāṅga,,,,,,Title page:,,Publication city :,CC BY-NC 4.0,67308
texts/navapIThASTamAtRkArAdhanavidhi-M00555-IAST.txt,navapIThASTamAtRkArAdhanavidhi-M00555-IAST.txt,M00555,navapīṭhāṣṭamātṛkārādhanavidhi,,,,,,Ritual manual,,Publication city :,CC BY-NC 4.0,63978
texts/navarNacaNDIpaJcaGga-M00670-IAST.txt,navarNacaNDIpaJcaGga-M00670-IAST.txt,M00670,navarṇacaṇḍīpañcaṅga,,,,,,Copied from Shri Raghunath Temple MSS Library manuscript 4818 kh digitized by eGangotri on archive.org,,Publication city :,CC BY-NC 4.0,67230
texts/netratantra-M00038-IAST.txt,netratantra-M00038-IAST.txt,M00038,netratantra,netratantra with commentary by kṣemarāja,,,kṣemarāja,śāstrī m. k.,The e-text was converted from devanagari typesetting files of Dr. Sudhakar Malaviya. His files were based on the edition of the Kashmir Series of Texts and Studies volumes 46 and 61.,Electronic publisher Muktabodha Indological Research Institu,2007,CC BY-NC 4.0,387540
texts/nigamasAranirNaya-M00321-IAST.txt,nigamasAranirNaya-M00321-IAST.txt,M00321,nigamasāranirṇaya,,,<ramAramaNadeva,,,"Description by Mark S.G. Dyczkowski: The term - nigama - for Tantra in general, as opposed to - āgama - for Veda, is emerged in the later period of development of the śākta Tantra after the 13th centu",,Publication city :,CC BY-NC 4.0,277198
texts/niruttaravAda-M00266-IAST.txt,niruttaravAda-M00266-IAST.txt,M00266,niruttaravāda,,,,,,,,Publication city :,CC BY-NC 4.0,27437
texts/nirvANaguhyakAlIpUjA-M00557-IAST.txt,nirvANaguhyakAlIpUjA-M00557-IAST.txt,M00557,nirvāṇaguhyakālīpūjā,,,,,,Ritual manual,,Publication city :,CC BY-NC 4.0,84543
texts/nirvANayogottara-M00267-IAST.txt,nirvANayogottara-M00267-IAST.txt,M00267,nirvāṇayogottara,,,,,,,,Publication city :,CC BY-NC 4.0,9517
texts/nirvaNatantra-M00127-IAST.txt,nirvaNatantra-M00127-IAST.txt,M00127,nirvaṇatantra,,,,,,Transcribed from ngmcp reel C 24/2 manuscript 217b .,,2008,CC BY-NC 4.0,51006
texts/nisvAsakArikA-M00280-IAST.txt,nisvAsakArikA-M00280-IAST.txt,M00280,nisvāsakārikā,,,,,,IFP Transcript T0017A which is the first part of the nisvāsakārikā . The remainder is on transcript T0017B which will be added in the future.,,Publication city :,CC BY-NC 4.0,314511
texts/nityASoDazikArNavatantra_with_the_commentary_called_setubandha-M00052-IAST.txt,nityASoDazikArNavatantra with the commentary called setubandha-M00052-IAST.txt,M00052,nityāṣoḍaśikārṇavatantra with the commentary called setubandha,nityāṣoḍaśikārṇava,setubandha,,bhāskararāya,abhyaṃkara k v,Transcribed from vol. 56 of the ānandāśramasaṃskṛtagrathāvaliḥ (Ananda Ashram Sanskrit Series).,ānandāśrama,1946,CC BY-NC 4.0,656170
texts/nityAkaulatantra-M00316-IAST.txt,nityAkaulatantra-M00316-IAST.txt,M00316,nityākaulatantra,,nityātantra,,,,"Description by Mark S.G. Dyczkowski: This is the only manuscript that has been recovered of this Tantra also called Nityātantra. Although just a few badly damaged leaves, the text which is certainly p",,Publication city :,CC BY-NC 4.0,17036
texts/nityakarmavidhi-M00527-IAST.txt,nityakarmavidhi-M00527-IAST.txt,M00527,nityakarmavidhi,,,laugākṣi,,keśava baṭṭa,One of the few examples of Kashmiri smārta ritual manuals.,Publication year : 1917,1917,CC BY-NC 4.0,74209
texts/nizvAsakArikA-M00251-IAST.txt,nizvAsakArikA-M00251-IAST.txt,M00251,niśvāsakārikā,niśvāsakārikātantra,,,,,"Transcribed from IFP transcript T0017A which is copied from a manuscript belonging to M. K. S. Bhattar, madurai It consists of pages up to 635 (the rest of the manuscript is in transcript t0017-b See ",,Publication city :,CC BY-NC 4.0,314453
texts/pAJcarAtrarakSA-M00040-IAST.txt,pAJcarAtrarakSA-M00040-IAST.txt,M00040,pāñcarātrarakṣā,,,vedāntadeśika,,Pandit M. Duraisvami Aiyangar,The Pāncarātrarakṣā by Vedānta ḍeśika edited by,The Adyar Library and Research Center,1942,CC BY-NC 4.0,210817
texts/pAzupatabrahmopaniSat-M00112-IAST.txt,pAzupatabrahmopaniSat-M00112-IAST.txt,M00112,pāśupatabrahmopaniṣat,yoga upaniṣads with the commentary of śrī upaniṣad brahmayogin,pāśupatabrahma upaniṣat,,brahmayogin,śāstrī mahādeva,,Adyar library and research centre,1920,CC BY-NC 4.0,28577
texts/pIThapUjAvidhi-M00559-IAST.txt,pIThapUjAvidhi-M00559-IAST.txt,M00559,pīṭhapūjāvidhi,,,,,,Ritual manual,,Publication city :,CC BY-NC 4.0,64622
texts/pUrvAmnAyanityadevArcanavidhi-M00562-IAST.txt,pUrvAmnAyanityadevArcanavidhi-M00562-IAST.txt,M00562,pūrvāmnāyanityadevārcanavidhi,,,,,,Ritual manual,,Publication city :,CC BY-NC 4.0,13484
texts/paJcaratnavyAkhyA-M00603-IAST.txt,paJcaratnavyAkhyA-M00603-IAST.txt,M00603,pañcaratnavyākhyā,,,,,,Four viraśaiva texts all called pañcaratnavyākhyā,,Publication city :,CC BY-NC 4.0,91628
texts/parAkramapUjA-M0311-IAST.txt,parAkramapUjA-M0311-IAST.txt,M0311,parākramapūjā,,,,,,"Description by Mark S.G. Dyczkowski: The text , which is unnamed, is copied is a part of a manuscript that begins with Aśeṣakulavallarī. I have called it Parākramapujā . It tells us that it belongs to",,Publication city :,CC BY-NC 4.0,188991
texts/parAmbArcanacandrikA-M00629-IAST.txt,parAmbArcanacandrikA-M00629-IAST.txt,M00629,parāmbārcanacandrikā,,,,,,Title page:,,Publication city :,CC BY-NC 4.0,97195
texts/parAnandasUtra-M00357-IAST.txt,parAnandasUtra-M00357-IAST.txt,M00357,parānandasūtra,,,parānanda muni,,Swami trivikrama tīrtha,critically editted by trivikrama tīrtha,Barodi Oriental Institute,1931,CC BY-NC 4.0,194132
texts/parAprAvezikA-M00048-IAST.txt,parAprAvezikA-M00048-IAST.txt,M00048,parāprāveśikā,,,kṣemarāja,,,E-text transcribed from Volume 15 of the Kashmir Series of Texts and Studies .,Research Department Jammu and Kashmir State,1918,CC BY-NC 4.0,14399
texts/parAtantra-M00062-IAST.txt,parAtantra-M00062-IAST.txt,M00062,parātantra,parātantram,,,,,,Publication year : Pre-1900,Pre-1900,CC BY-NC 4.0,60381
texts/parAtrIzikAlaghuvRtti-M00042-IAST.txt,parAtrIzikAlaghuvRtti-M00042-IAST.txt,M00042,parātrīśikālaghuvṛtti,,,,abhinavagupta,śāstrī j z,E-text transcribed from the Kashmir Series of Texts and Studies Volume 68 .,Research Departement Jammu and Kashmir State,1947,CC BY-NC 4.0,41150
texts/parAtriMzikAvivaraNa-M0409-IAST.txt,parAtriMzikAvivaraNa-M0409-IAST.txt,M0409,parātriṃśikāvivaraṇa,,The Parātrimshikā with commentary. The latter by Abhinavagupta,,abhinavagupta,,K.S.T.S. volume 18,Kashmir and Jammu Research Dept.,1918,CC BY-NC 4.0,245939
texts/parAtrizikAtAtparyadIpikA_and_zAktavijJAna-M00043-IAST.txt,parAtrizikAtAtparyadIpikA and zAktavijJAna-M00043-IAST.txt,M00043,parātriśikātātparyadīpikā and śāktavijñāna,parātriśikātātparyadīpikā,śāktavijñāna,somānanda II,,Zadoo J D,These two texts have been transcribed from vol. 74 of the Kashmir Series of Texts and Studies.,Research Department Jammu and Kashmir State,1947,CC BY-NC 4.0,54538
texts/parAtrizikAvivRtI-M00154-IAST.txt,parAtrizikAvivRtI-M00154-IAST.txt,M00154,parātriśikāvivṛtī,parātriśikāvivaraṇa,parātriṃśikāvivṛtī,abhinavagupta,,śāstrī m r,Photographed from volume 18 of the Kashmir Series of Texts and Studies.,Research Department Jammu and Kashmir State,1918,CC BY-NC 4.0,246745
texts/parAtrizikAvivRti-M00044-IAST.txt,parAtrizikAvivRti-M00044-IAST.txt,M00044,parātriśikāvivṛti,,parātriśikā,rājānakalakṣmirāma,,Zadoo J D,These two texts have been transcribed from vol. 69 of the Kashmir Series of Texts and Studies.,Research Department Jammu and Kashmir State,1947,CC BY-NC 4.0,22598
texts/parAtrizikAvivRti-M00215-IAST.txt,parAtrizikAvivRti-M00215-IAST.txt,M00215,parātriśikāvivṛti,,,,rājānakalakṣmirāma,,,,Publication city :,CC BY-NC 4.0,52138
texts/paramArthasAra-M00041-IAST.txt,paramArthasAra-M00041-IAST.txt,M00041,paramārthasāra,paramārthasāra of abhinavagupta with the commentary by yogarāja,,abhinavagupta,yogarāja,Chatterji J. C.,E-text transcribed from volume 7 of the Kashmir Series of Texts and Studies .,Research Department Jammu and Kashmir State,1916,CC BY-NC 4.0,149279
texts/paramahaMsapaddati-M00664-IAST.txt,paramahaMsapaddati-M00664-IAST.txt,M00664,paramahaṃsapaddati,,,,,,Copied from Shri Raghunath Temple MSS Library manuscript 1065 gh digitized by eGangotri on archive.org,,Publication city :,CC BY-NC 4.0,12565
texts/paramezvarImatatantra-M00218-IAST.txt,paramezvarImatatantra-M00218-IAST.txt,M00218,parameśvarīmatatantra,,,,,,,,Publication city :,CC BY-NC 4.0,341178
texts/parazambhumahimnastava-M00358-IAST.txt,parazambhumahimnastava-M00358-IAST.txt,M00358,paraśambhumahimnastava,,,durvāsa,,,,N. Rajam & Co.,1946,CC BY-NC 4.0,34242
texts/parazurAmakalpasUtra-M00214-IAST.txt,parazurAmakalpasUtra-M00214-IAST.txt,M00214,paraśurāmakalpasūtra,paraśurāmakalpasūtra  with commentary by rāmeśvara,,,rāmeśvara,a. mahādeva śastri,paraśurāmakalpasūtra with commentary by rāmeśvara,Baroda Oriental Institute,1950,CC BY-NC 4.0,1083750
texts/pauSkara_saMhitA-M00259-IAST.txt,pauSkara saMhitA-M00259-IAST.txt,M00259,pauṣkara saṃhitā,pauṣkara saṃhitā one of the three gems of the pañjarātra,,,,śrī yātirāja sampatkumāra rāmānujamuni,,A. śrīnivāsa and M. C.  Thirumalachariar,1934,CC BY-NC 4.0,688951
texts/pauSkaravRtti-M00196-IAST.txt,pauSkaravRtti-M00196-IAST.txt,M00196,pauṣkaravṛtti,,,jñānaprakāśācārya,,,"Copied from a manuscript belonging to Tondaimandalam jñānaprakāśaswamigal maṭham, Kanchipuram, Chi. Dt.This is a palm leaf manuscript of size 4 c.m. x 36 c.m with an average of ten lines per page. The",,Publication city : Pondicherry,CC BY-NC 4.0,577287
texts/pazcimAmnAyASTAviMzatikramArcana-M00558-IAST.txt,pazcimAmnAyASTAviMzatikramArcana-M00558-IAST.txt,M00558,paścimāmnāyāṣṭāviṃśatikramārcana,,,,,,Ritual manual,,Publication city :,CC BY-NC 4.0,72780
texts/pazcimAmnAyasamayadIkSAvidhi-M00560-IAST.txt,pazcimAmnAyasamayadIkSAvidhi-M00560-IAST.txt,M00560,paścimāmnāyasamayadīkṣāvidhi,,,,,,Ritual manual,,Publication city :,CC BY-NC 4.0,8928
texts/pazcimajyeSThAmnAyakarmArcanapaddhati-M00566-IAST.txt,pazcimajyeSThAmnAyakarmArcanapaddhati-M00566-IAST.txt,M00566,paścimajyeṣṭhāmnāyakarmārcanapaddhati,,,,,,Ritual manual,,Publication city :,CC BY-NC 4.0,147358
texts/pheTakapratiSThAcaNDikAgnividhi-M00414-IAST.txt,pheTakapratiSThAcaNDikAgnividhi-M00414-IAST.txt,M00414,pheṭakapratiṣṭhācaṇḍikāgnividhi,,,,,,,,Publication city :,CC BY-NC 4.0,131955
texts/phetkAriNItantra-M00190-IAST.txt,phetkAriNItantra-M00190-IAST.txt,M00190,phetkāriṇītantra,phetkāriṇītantra,,,,"caṭṭopādhyāya, rasika mohana",,"Unknown, late 19th century",Publication city :,CC BY-NC 4.0,159163
texts/piGgalAmata-M00305-IAST.txt,piGgalAmata-M00305-IAST.txt,M00305,piṅgalāmata,,jayadrathādhikara,,,,"The Piṅgalāmata is a Pratiṣṭhātantra. In this context the term pratiṣṭhā denotes the rites of consecration and installation of a representation of a deity, temple or shrine and matters associated with",,2014,CC BY-NC 4.0,383025
texts/prANAgnihotra-M00268-IAST.txt,prANAgnihotra-M00268-IAST.txt,M00268,prāṇāgnihotra,,,,,,,,Publication city :,CC BY-NC 4.0,8083
texts/prANatoSiNI_arthakANDa-M00072-IAST.txt,prANatoSiNI arthakANDa-M00072-IAST.txt,M00072,prāṇatoṣiṇī arthakāṇḍa,,,rāmatoṣaṇa compiler,,,Compiled by rāmatoṣaṇa bhaṭṭācārya Originally published by kalikātā in Bengali script in the tantrasārādivividhatantrasaṃgraha,kalikātā,Pre-1900,CC BY-NC 4.0,245208
texts/prANatoSiNI_bhaktikANDa-M00060-IAST.txt,prANatoSiNI bhaktikANDa-M00060-IAST.txt,M00060,prāṇatoṣiṇī bhaktikāṇḍa,,,rāmatoṣaṇa compiler,,,Compiled by rāmatoṣaṇa bhaṭṭācārya Originally published by kalikātā in Bengali script in the tantrasārādivividhatantrasaṃgraha,kalikātā,Pre-1900,CC BY-NC 4.0,126046
texts/prANatoSiNI_dharmakANDa-M00071-IAST.txt,prANatoSiNI dharmakANDa-M00071-IAST.txt,M00071,prāṇatoṣiṇī dharmakāṇḍa,,,rāmatoṣaṇa compiler,,,Compiled by rāmatoṣaṇa bhaṭṭācārya Originally published by kalikātā in Bengali script in the tantrasārādivividhatantrasaṃgraha,kalikātā,Pre-1900,CC BY-NC 4.0,236757
texts/prANatoSiNI_kamyakANDa-M00073-IAST.txt,prANatoSiNI kamyakANDa-M00073-IAST.txt,M00073,prāṇatoṣiṇī kamyakāṇḍa,,,rāmatoṣaṇa compiler,,,Compiled by rāmatoṣaṇa bhaṭṭācārya Originally published by kalikātā in Bengali script in the tantrasārādivividhatantrasaṃgraha,kalikātā,Pre-1900,CC BY-NC 4.0,290883
texts/prANatoSiNI_part_6-M00061-IAST.txt,prANatoSiNI part 6-M00061-IAST.txt,M00061,prāṇatoṣiṇī part 6,,,rāmatoṣaṇa compiler,,,Compiled by rāmatoṣaṇa bhaṭṭācārya Originally published by kalikātā in Bengali script in the tantrasārādivividhatantrasaṃgraha,kalikātā,Pre-1900,CC BY-NC 4.0,671384
texts/prANatoSiNI_sargakANDa-M00070-IAST.txt,prANatoSiNI sargakANDa-M00070-IAST.txt,M00070,prāṇatoṣiṇī sargakāṇḍa,,,rāmatoṣaṇa compiler,,,Compiled by rāmatoṣaṇa bhaṭṭācārya Originally published by kalikātā in Bengali script in the tantrasārādivividhatantrasaṃgraha,kalikātā,Pre-1900,CC BY-NC 4.0,244121
texts/prAsAdaSaTzlokIvyAkhyA-M00529-IAST.txt,prAsAdaSaTzlokIvyAkhyA-M00529-IAST.txt,M00529,prāsādaṣaṭślokīvyākhyā,,,,,,Six verses describing kuṇḍalinī and her movement.,,Publication city :,CC BY-NC 4.0,47826
texts/prAsAdacandrikA-M00528-IAST.txt,prAsAdacandrikA-M00528-IAST.txt,M00528,prāsādacandrikā,,,jñānaprakāśa,,,Based on excerpts from the Suprabhedāgama and the Svāmbhuva it deals with a series of yoga ascents the stations of which are variously marked.,,Publication city :,CC BY-NC 4.0,11646
texts/prAsAdamaNDana-M00170-IAST.txt,prAsAdamaNDana-M00170-IAST.txt,M00170,prāsādamaṇḍana,,,sūtradhāramaṇḍana,,śāstrī j z,Photographic facsimiles from vol 72 of the Kashmir Series of Texts and Studies.,Research Department Jammu and Kashmir State,1947,CC BY-NC 4.0,53364
texts/prAyazcittasamuccaya-M00303-IAST.txt,prAyazcittasamuccaya-M00303-IAST.txt,M00303,prāyaścittasamuccaya,prāyaścittasamuccaya,,,,,The subject matter is Shaiva temple architecture and the rites of Linga installation.,,2014,CC BY-NC 4.0,151261
texts/prabhuliGgalila-M00621-IAST.txt,prabhuliGgalila-M00621-IAST.txt,M00621,prabhuliṅgalila,,,,,,,vīraśaivaliṅgibrahmaṇagranthamala,1903,CC BY-NC 4.0,411434
texts/pratiSThAlakSaNasArasamuccaya-M00065-IAST.txt,pratiSThAlakSaNasArasamuccaya-M00065-IAST.txt,M00065,pratiṣṭhālakṣaṇasārasamuccaya,pratiṣṭhālakṣaṇasārasamuccayaḥ,,,,,,Publication year : Pre-1900,Pre-1900,CC BY-NC 4.0,403240
texts/pratyaMgirApUjAvidhi-M00561-IAST.txt,pratyaMgirApUjAvidhi-M00561-IAST.txt,M00561,pratyaṃgirāpūjāvidhi,,,,,,Ritual manual,,Publication city :,CC BY-NC 4.0,6921
texts/pratyabhijJahRdaya_Text_version-M00350-IAST.txt,pratyabhijJahRdaya Text version-M00350-IAST.txt,M00350,pratyabhijñahṛdaya Text version,,,,kṣemarāja,Chatterji J C,E-text transcribed from volume 3 of the Kashmir Series of Texts and Studies.,"Research Department, Jammu and Kashmir State",1911,CC BY-NC 4.0,48506
texts/prodgItAgama-M00256-IAST.txt,prodgItAgama-M00256-IAST.txt,M00256,prodgītāgama,prodgītāgamaḥ vivāhavidhimātram,,,,,"Transcribed from IFP transcript T0201 which is copied from a ms. belonging to Swaminatha Gurukkal, Tiruvavadudurai",,Publication city :,CC BY-NC 4.0,12135
texts/purazcaryArNava_volume_1-M00045-IAST.txt,purazcaryArNava volume 1-M00045-IAST.txt,M00045,puraścaryārṇava volume 1,puraścaryārṇavaḥ volume 1,,,,muralidhara jhā,"Compiled by H. H. The Maharaja pratapa ""Simha Saha Bahadur of Nepal.",Prabhakari and Co,1901,CC BY-NC 4.0,363315
texts/purazcaryArNava_volume_2-M00046-IAST.txt,purazcaryArNava volume 2-M00046-IAST.txt,M00046,puraścaryārṇava volume 2,puraścaryārṇavaḥ volume 2,,,,muralidhara jhā,"Compiled by H. H. The Maharaja pratapa ""Simha Saha Bahadur of Nepal.",Prabhakari and Co,1901,CC BY-NC 4.0,481564
texts/purazcaryArNava_volume_3-M00047-IAST.txt,purazcaryArNava volume 3-M00047-IAST.txt,M00047,puraścaryārṇava volume 3,puraścaryārṇavaḥ volume 3,,,,muralidhara jhā,"Compiled by H. H. The Maharaja pratapa ""Simha Saha Bahadur of Nepal.",Prabhakari and Co,1901,CC BY-NC 4.0,616652
texts/ramArcanacandrikA-M00665-IAST.txt,ramArcanacandrikA-M00665-IAST.txt,M00665,ramārcanacandrikā,,,ānandavanaḥ mukundavanaśiṣyaḥ,,,Copied from Shri Raghunath Temple MSS Library manuscript 4740 digitized by eGangotri on archive.org,,Publication city :,CC BY-NC 4.0,189038
texts/revantapUjA-M00563-IAST.txt,revantapUjA-M00563-IAST.txt,M00563,revantapūjā,,,,,,Ritual manual,,Publication city :,CC BY-NC 4.0,111552
texts/rudrayamalatantra_uttarakANDa-M00074-IAST.txt,rudrayamalatantra uttarakANDa-M00074-IAST.txt,M00074,rudrayamalatantra uttarakāṇḍa,,,,,Malaviya S.,This e-text was created from electronic typesetting files in devanagari of Dr. S. Malaviya and converted into roman transliteration by programs written by the staff of Muktabodha.,Internet publisher: Muktabodha Indological Research Institut,2007,CC BY-NC 4.0,885226
texts/sAdhanamAlA_Vol._1-M00342-IAST.txt,sAdhanamAlA Vol. 1-M00342-IAST.txt,M00342,sādhanamālā Vol. 1,,,bhattacharya benoytosh,,,"This text is a collection of sādhanas, that is, procedures for the worship of Buddhist Tantric deities especially those of the Anuttarayoga Tantras. A description of the deity, its form and colour, ve",Baroda Oriental Institute,1925,CC BY-NC 4.0,385288
texts/sAdhanamAlA_Vol._2-M00343-IAST.txt,sAdhanamAlA Vol. 2-M00343-IAST.txt,M00343,sādhanamālā Vol. 2,,,bhattacharya benoytosh,,,"This text is a collection of sādhanas, that is, procedures for the worship of Buddhist Tantric deities especially those of the Anuttarayoga Tantras. A description of the deity, its form and colour, ve",Baroda Oriental Institute,1925,CC BY-NC 4.0,281700
texts/sAmbapaJcAzikA-M00076-IAST.txt,sAmbapaJcAzikA-M00076-IAST.txt,M00076,sāmbapañcāśikā,sāmbapañcāśikā with the commentary of kṣemarāja,,,kṣemarāja,,"This e-text was transcribed from Trivandrum Sanskrit Series, volume 104",Trivandrum Sanskrit Series,1930,CC BY-NC 4.0,58665
texts/sAvaratantramantrasaMgraha-M00643-IAST.txt,sAvaratantramantrasaMgraha-M00643-IAST.txt,M00643,sāvaratantramantrasaṃgraha,,,,,,,,Publication city :,CC BY-NC 4.0,41407
texts/sUkSmAgama-M00329-IAST.txt,sUkSmAgama-M00329-IAST.txt,M00329,sūkṣmāgama,,,,,,IFP/EFEO transcript T01003 copied from RE100779 of IFI,,Publication city :,CC BY-NC 4.0,336788
texts/saMnyAsa_upaniSads-M00334-IAST.txt,saMnyAsa upaniSads-M00334-IAST.txt,M00334,saṃnyāsa upaniṣads,The saṃnyāsa upaniṣads with the commentary of śrī upaniṣad brahmayogin,,,upaniṣad brahmayogin,,,The Adyar Library and Research Centre,1929,CC BY-NC 4.0,344464
texts/sakalAgamasArasaGgraha-M00063-IAST.txt,sakalAgamasArasaGgraha-M00063-IAST.txt,M00063,sakalāgamasārasaṅgraha,,,,,,Transcription of IFP transcript T0351. For details see catalog record of transcript in the IFP section of the Muktabodha digital library.,,Pre-1900,CC BY-NC 4.0,284220
texts/samayadIkSAdhivAsanavidhi-M00564-IAST.txt,samayadIkSAdhivAsanavidhi-M00564-IAST.txt,M00564,samayadīkṣādhivāsanavidhi,,,,,,Ritual manual,,Publication city :,CC BY-NC 4.0,25199
texts/sambandhasiddhi-M00080-IAST.txt,sambandhasiddhi-M00080-IAST.txt,M00080,sambandhasiddhi,,siddhitrayī,utpaladeva,,,"E-text transcribed from volume 34 of the Kashmir Series of Texts and Studies, where it is bundled together with other texts of Utpaladeva: ājaḍapramātṛsiddhi iśvarasiddhi īśvarapratyabhijñākārikāvṛtti","Research Department, Jammu and Kashmir State",1921,CC BY-NC 4.0,15914
texts/sanatkumAratantra-M00530-IAST.txt,sanatkumAratantra-M00530-IAST.txt,M00530,sanatkumāratantra,,,,,,Vaiṣṇava tantra. Probably a late work of possibly Bengali origin. Teaches a program of daily worship focusing on the morning rites.,Rasika Monana Caṭṭopādhyāya,Pre-1900,CC BY-NC 4.0,41644
texts/saravatIstotram_mantrabhAsyam_aSTAdazajAtinirNaya-M00576-IAST.txt,saravatIstotram mantrabhAsyam aSTAdazajAtinirNaya-M00576-IAST.txt,M00576,saravatīstotram mantrabhāsyam aṣṭādaśajātinirṇaya,,,,,,,,Publication city :,CC BY-NC 4.0,36829
texts/sarvajJAnottara-M00327-IAST.txt,sarvajJAnottara-M00327-IAST.txt,M00327,sarvajñānottara,,,,,,,,Publication city :,CC BY-NC 4.0,145111
texts/sarvajJAnottaravRttiH-M00227-IAST.txt,sarvajJAnottaravRttiH-M00227-IAST.txt,M00227,sarvajñānottaravṛttiḥ,,,aghoraśivācārya,,,,,Publication city :,CC BY-NC 4.0,9215
texts/sarvollasatantra-M00120-IAST.txt,sarvollasatantra-M00120-IAST.txt,M00120,sarvollasatantra,,,sarvānanda,,gopīnātha kavirāja,,Publication year : 1941,1941,CC BY-NC 4.0,246393
texts/saubhAgyakalpadrUma-M00648-IAST.txt,saubhAgyakalpadrUma-M00648-IAST.txt,M00648,saubhāgyakalpadrūma,,,,,,,,Publication city :,CC BY-NC 4.0,56776
texts/saubhAgyaratnAkara-M00577-IAST.txt,saubhAgyaratnAkara-M00577-IAST.txt,M00577,saubhāgyaratnākara,,,,,,,,Publication city :,CC BY-NC 4.0,338150
texts/saubhAgyatantra-M00649-IAST.txt,saubhAgyatantra-M00649-IAST.txt,M00649,saubhāgyatantra,,,,,,,,Publication city :,CC BY-NC 4.0,24322
texts/saubhAgyataraGgiNI-M00312-IAST.txt,saubhAgyataraGgiNI-M00312-IAST.txt,M00312,saubhāgyataraṅgiṇī,,,mukunda,,,Description by Mark S.G. Dyczkowski This is a liturgy (paddhati) for the worship of the goddess Tripurāsundarī written by a certain Mukunda. He refers to Veda and Vedic yajñā with great regard as a so,,Publication city :,CC BY-NC 4.0,143090
texts/saundaryalaharI--IAST.txt,saundaryalaharI--IAST.txt,Uniform title: saundaryalaharī,saundaryalaharī,,,śaṃkarācārya attributed to,lakṣmīdhara,,saundaryalaharī with the commentary of lakṣmīdhara,Publication year : 1959,1959,CC BY-NC 4.0,378288
texts/siddhAntArthasamuccaya-M00328-IAST.txt,siddhAntArthasamuccaya-M00328-IAST.txt,M00328,siddhāntārthasamuccaya,,,,,,IFP/EFEO transcript T00206,,Publication city :,CC BY-NC 4.0,62706
texts/siddhAntalezasaMgrahaTIkA-M00578-IAST.txt,siddhAntalezasaMgrahaTIkA-M00578-IAST.txt,M00578,siddhāntaleśasaṃgrahaṭīkā,,,,,,,,Publication city :,CC BY-NC 4.0,915545
texts/siddhAntasArapaddhati-M00531-IAST.txt,siddhAntasArapaddhati-M00531-IAST.txt,M00531,siddhāntasārapaddhati,,,bhojadeva ascribed to,,,"From an old palm leaf manuscript from Nepal which though undated indicates the texts early date. If the text was indeed compiled in the 11th century, then this is a rare example of an early śaiva litu",,Publication city :,CC BY-NC 4.0,146902
texts/siddhAntazikhAmaNi-M00207-IAST.txt,siddhAntazikhAmaNi-M00207-IAST.txt,M00207,siddhāntaśikhāmaṇi,siddhāntaśikhāmaṇi with commentary tattvapradīpika chapters 1-15,,śivayogi,maritoṇḍadārya,,siddhāntaśikhāmaṇi of śivayogiśivācārya with commentary tattvapradīpika by maritoṇṭadārya,śaivabhārati,2006,CC BY-NC 4.0,503083
texts/siddhalakSMIpUjApaddhati-M00257-IAST.txt,siddhalakSMIpUjApaddhati-M00257-IAST.txt,M00257,siddhalakṣṃīpūjāpaddhati,siddhalakṣṃīpūjāpaddhati,kulavāgīśvarī pūjāna,,,,Comprises Kashmir Research Centers manuscript with accession numbers 2376.1 thru 2376.12 as described in their on-line catalog at http://www.jkpubliclibraries.nic.in/catalogue%20of%20manuscripts/sansk,,Publication city :,CC BY-NC 4.0,46070
texts/siddhilakSmI_ArAmika-M00415-IAST.txt,siddhilakSmI ArAmika-M00415-IAST.txt,M00415,siddhilakṣmī ārāmika,,,,,,,,Publication city :,CC BY-NC 4.0,64272
texts/siddhilakSmIdevyArcana-M00416-IAST.txt,siddhilakSmIdevyArcana-M00416-IAST.txt,M00416,siddhilakṣmīdevyārcana,,,,,,,,Publication city :,CC BY-NC 4.0,19706
texts/siddhilakSmIkavaca-M00567-IAST.txt,siddhilakSmIkavaca-M00567-IAST.txt,M00567,siddhilakṣmīkavaca,,,,,,Ritual manual,,Publication city :,CC BY-NC 4.0,7010
texts/siddhilakSmIkoTyAhutidinakRtya-M00417-IAST.txt,siddhilakSmIkoTyAhutidinakRtya-M00417-IAST.txt,M00417,siddhilakṣmīkoṭyāhutidinakṛtya,,,,,,,,Publication city :,CC BY-NC 4.0,140200
texts/siddhilakSmIkramArcanA-M00568-IAST.txt,siddhilakSmIkramArcanA-M00568-IAST.txt,M00568,siddhilakṣmīkramārcanā,,,,,,Ritual manual,,Publication city :,CC BY-NC 4.0,36665
texts/siddhilakSmIkramasthaNDilArcanavidhi-M00569-IAST.txt,siddhilakSmIkramasthaNDilArcanavidhi-M00569-IAST.txt,M00569,siddhilakṣmīkramasthaṇḍilārcanavidhi,,,,,,Ritual manual,,Publication city :,CC BY-NC 4.0,277251
texts/siddhilakSmIkyutAkSaramAlAmantra-M00418-IAST.txt,siddhilakSmIkyutAkSaramAlAmantra-M00418-IAST.txt,M00418,siddhilakṣmīkyutākṣaramālāmantra,,,,,,,,Publication city :,CC BY-NC 4.0,29812
texts/siddhilakSmImantroddhara-M00570-IAST.txt,siddhilakSmImantroddhara-M00570-IAST.txt,M00570,siddhilakṣmīmantroddhara,,,,,,Ritual manual,,Publication city :,CC BY-NC 4.0,9141
texts/siddhilakSmInityapUjApaddhati-M00571-IAST.txt,siddhilakSmInityapUjApaddhati-M00571-IAST.txt,M00571,siddhilakṣmīnityapūjāpaddhati,,,,,,Ritual manual,,Publication city :,CC BY-NC 4.0,34322
texts/siddhilakSmIvidhAna-M00572-IAST.txt,siddhilakSmIvidhAna-M00572-IAST.txt,M00572,siddhilakṣmīvidhāna,,,,,,Ritual manual,,Publication city :,CC BY-NC 4.0,10499
texts/siddhilakSmyadhivAsanasthaNDilArcanavidhi-M00565-IAST.txt,siddhilakSmyadhivAsanasthaNDilArcanavidhi-M00565-IAST.txt,M00565,siddhilakṣmyadhivāsanasthaṇḍilārcanavidhi,,,,,,Ritual manual,,Publication city :,CC BY-NC 4.0,117502
texts/siddhilakSmyayutAkSarI-M00573-IAST.txt,siddhilakSmyayutAkSarI-M00573-IAST.txt,M00573,siddhilakṣmyayutākṣarī,,,,,,Ritual manual,,Publication city :,CC BY-NC 4.0,30057
texts/somazambhupaddhativyAkhyA-M00220-IAST.txt,somazambhupaddhativyAkhyA-M00220-IAST.txt,M00220,somaśambhupaddhativyākhyā,,,,,,,,Publication city :,CC BY-NC 4.0,203271
texts/spandakArikA_with_vivRtti_by_rAmakaNTha-M00352-IAST.txt,spandakArikA with vivRtti by rAmakaNTha-M00352-IAST.txt,M00352,spandakārikā with vivṛtti by rāmakaṇṭha,,,kallaṭa bhaṭṭa,rāmakaṇṭha,J. C. Chatterji,KSTS Series volume 6,Kashmir Series of Texts and Studies,1913,CC BY-NC 4.0,125548
texts/spandakArikA-M00067-IAST.txt,spandakArikA-M00067-IAST.txt,M00067,spandakārikā,spandakārikā,spandakārikāvṛtti,kallaṭa bhaṭṭa,kallaṭa bhaṭṭa,Mark S. G. Dyczkowski,"spandakārikā with vṛtti by kallaṭa bhaṭṭa, tippaṇī (notes at bottom of printed edition) and vivṛti by rāmakaṇṭha. Corrections have been made by M. Dyczkowski so the E-text corresponds to the one trans",,2007,CC BY-NC 4.0,176835
texts/spandanirNaya-M00163-IAST.txt,spandanirNaya-M00163-IAST.txt,M00163,spandanirṇaya,spandakārikā with commentary nirṇaya,spandakārikā,kallaṭa attributed author spandakārikā,kṣemarāja,śāstrī m k,E-text transcribed from volume 42 of the Kashmir Series of Texts and Studies.,"Research Department, Jammu and Kashmir State",1925,CC BY-NC 4.0,86711
texts/spandapradIpikA-M00532-IAST.txt,spandapradIpikA-M00532-IAST.txt,M00532,spandapradīpikā,,,bhagavatutpala,,Mark S. G. Dyczkowski,The Spandapradīpikā by the Vaiṣṇ ava Bhagavatutpala. A commentary on the Spandakārikā.,SUNY Press,1992,CC BY-NC 4.0,72614
texts/spandasandoha-M00084-IAST.txt,spandasandoha-M00084-IAST.txt,M00084,spandasandoha,,spandasaṃdoha (alternate spelling title),kallaṭa attributed author spandakārikā,kṣemarāja,śāstrī m r,E-text transcribed from volume 16 of the Kashmir Series of Texts and Studies.,"Research Department, Jammu and Kashmir State",1917,CC BY-NC 4.0,34220
texts/stavacintAmaNi-M00089-IAST.txt,stavacintAmaNi-M00089-IAST.txt,M00089,stavacintāmaṇi,,stavacintāmaṇi of bhaṭṭanārāyaṇa with commentary by kṣemarāja,bhaṭṭanārayaṇa,kṣemarāja,,E-text transcribed from volume 10 of the Kashmir Series of Texts and Studies.,"Research Department, Jammu and Kashmir State",1918,CC BY-NC 4.0,101218
texts/stutikusumAJjali-M00260-IAST.txt,stutikusumAJjali-M00260-IAST.txt,M00260,stutikusumāñjali,,,jagaddhara bhaṭṭa,,premavallabha tripāṭhī,Hymns in praise of Shiva in 38 chapters.,Sanskrit Book Depot,1939,CC BY-NC 4.0,536059
texts/subodhamaJjarI-M00269-IAST.txt,subodhamaJjarI-M00269-IAST.txt,M00269,subodhamañjarī,,,,,,,,Publication city :,CC BY-NC 4.0,4702
texts/suprabhedAgama-M00090-IAST.txt,suprabhedAgama-M00090-IAST.txt,M00090,suprabhedāgama,suprabhedāgama (kriyāpāda and caryāpāda),,,,,Transcribed from the Devakottai series.,śivāgama siddhānta paripalana saṅgham,1931,CC BY-NC 4.0,488098
texts/svAtantrayadIpikA-M00533-IAST.txt,svAtantrayadIpikA-M00533-IAST.txt,M00533,svātantrayadīpikā,,,mānasarāma,,,Summary of the main tenents of Kashmiri śaivism by Mānasarāma the grand teacher of Swami Lakṣmanjoo. It is written in the form of short aphorisms on which the author himself comments.,,Publication city :,CC BY-NC 4.0,35236
texts/svAtantryadIpikA-M00668-IAST.txt,svAtantryadIpikA-M00668-IAST.txt,M00668,svātantryadīpikā,,,maheśvarācārya,,,Copied from Shri Raghunath Temple MSS Library manuscript 1127 k digitized by eGangotri on archive.org,,Publication city :,CC BY-NC 4.0,42341
texts/svacchandapaddhati-M00194-IAST.txt,svacchandapaddhati-M00194-IAST.txt,M00194,svacchandapaddhati,,,cidānandanātha,,Prof. Sītalāprasad ūpādhyāya,,,Publication city :,CC BY-NC 4.0,250096
texts/svacchandatantra-M00091-IAST.txt,svacchandatantra-M00091-IAST.txt,M00091,svacchandatantra,svacchandatantra with the commentary of kṣemarāja,,,kṣemarāja,,The e-text was converted from devanagari typesetting files prepared by Dr. S. Malaviya by computer programs developed by Muktabodha. The photographic facsimiles are from the Kashmir Series of Texts an,Internet publisher: Muktabodha Indological Research Institut,2006,CC BY-NC 4.0,1231474
texts/tArAbhaktisudhArNava-M00055-IAST.txt,tArAbhaktisudhArNava-M00055-IAST.txt,M00055,tārābhaktisudhārṇava,tārābhaktisudhārṇavaḥ,,narasiṃhaṭhakkura,,pañcānana tarka,Digest of ritual worship of Tārā .,Sanskrit Book Depot,1940,CC BY-NC 4.0,657425
texts/tArAbhaktitaraGgiNI-M00636-IAST.txt,tArAbhaktitaraGgiNI-M00636-IAST.txt,M00636,tārābhaktitaraṅgiṇī,,,vimalānanda,,,,,Publication city :,CC BY-NC 4.0,148895
texts/tArArahasya-M00095-IAST.txt,tArArahasya-M00095-IAST.txt,M00095,tārārahasya,,,brahmānanda,,,,Calcutta Press,Pre-1900,CC BY-NC 4.0,106160
texts/tArArahasyavRtti_2-m00323-IAST.txt,tArArahasyavRtti 2-m00323-IAST.txt,m00323,tārārahasyavṛtti 2,,,brahmānanda,,,"Description by Mark S.G. Dyczkowski: The Tārārahasya, of which this is a commentary, was written in Bengal by Brahmānanda in 1735 śaka era, i.e. 1659 CE. It deals with worship of the goddess Tārā, who",,Publication city :,CC BY-NC 4.0,158423
texts/tArArahasyavRttikA-M00096-IAST.txt,tArArahasyavRttikA-M00096-IAST.txt,M00096,tārārahasyavṛttikā,,,,gauḍīyaśaṅkara,Pandita Manindra Mohan Chowdhury Kavyatirtha,,Calcutta Press (first publisher),Pre-1900,CC BY-NC 4.0,124955
texts/tArAsahasranAmavyAkhyAbhidhArthacintAmaNi-M00638-IAST.txt,tArAsahasranAmavyAkhyAbhidhArthacintAmaNi-M00638-IAST.txt,M00638,tārāsahasranāmavyākhyābhidhārthacintāmaṇi,,,,,,,,Publication city :,CC BY-NC 4.0,239215
texts/tAratantra-M00094-IAST.txt,tAratantra-M00094-IAST.txt,M00094,tāratantra,,,,,,,Reprinted by Bani Prakashan 1983 of original edition prior t,1940,CC BY-NC 4.0,28663
texts/tantrAbhidhAna-M00366-IAST.txt,tantrAbhidhAna-M00366-IAST.txt,M00366,tantrābhidhāna,,,,,pañcānana bhaṭṭacārya tarkasāṃkhyavedāntatīrtha,Volume 1 of Tantrik Text Series by Arthur Avalon (John Woodroffe),Luzac and Co.,1913,CC BY-NC 4.0,237195
texts/tantrAloka_chapters_1_thru_14-M00092-IAST.txt,tantrAloka chapters 1 thru 14-M00092-IAST.txt,M00092,tantrāloka chapters 1 thru 14,tantrāloka of abhinavagupta with the commentary of jayaratha chapters 1 thru 14,tantrālokaviveka,abhinavagupta,jayaratha,,The e-text was converted from devanagari typesetting files prepared by Dr. S. Malaviya by computer programs developed by Muktabodha. The photographic facsimiles are from the Kashmir Series of Texts an,Internet publisher: Muktabodha Indological Research Institut,2006,CC BY-NC 4.0,1688802
texts/tantrAloka_chapters_15_thru_38-M00093-IAST.txt,tantrAloka chapters 15 thru 38-M00093-IAST.txt,M00093,tantrāloka chapters 15 thru 38,tantrāloka of abhinavagupta with the commentary of jayaratha chapters 15 thru 38,tantrālokaviveka,abhinavagupta,jayaratha,,The e-text was converted from devanagari typesetting files prepared by Dr. S. Malaviya by computer programs developed by Muktabodha. The photographic facsimiles are from the Kashmir Series of Texts an,Internet publisher: Muktabodha Indological Research Institut,2006,CC BY-NC 4.0,814911
texts/tantracintAmaNi-M00314-IAST.txt,tantracintAmaNi-M00314-IAST.txt,M00314,tantracintāmaṇi,tantracintāmaṇipañjikāsahita,,navamīsiṃha,,,First 30 chapters of the tantracintāmaṇi with the commentary pañjikā,,Publication city :,CC BY-NC 4.0,880852
texts/tantrarAjatantra-M00122-IAST.txt,tantrarAjatantra-M00122-IAST.txt,M00122,tantrarājatantra,tantrarājatantra with commentary manorama,,,subhagānandanātha,lakṣmaṇa śāstrī,,Tantrik Text Series,1929,CC BY-NC 4.0,1303054
texts/tantrasAra-M00153-IAST.txt,tantrasAra-M00153-IAST.txt,M00153,tantrasāra,,,abhinavagupta,,,Photographed from volume 17 of the Kashmir Series of Texts and Studies.,Research Department Jammu and Kashmir State,1918,CC BY-NC 4.0,202403
texts/tattvacintAmaNi_chapters_01_thru_05-M00085-IAST.txt,tattvacintAmaNi chapters 01 thru 05-M00085-IAST.txt,M00085,tattvacintāmaṇi chapters 01 thru 05,,,pūrṇānanda,bhuvanmohan ṣaṃkhyatirtha,,Critically edited from original manuscripts with original commentary by bhuvanmohan saṃkhyatirtha and with notes by Chintamani Bhattacharya,Publication year : 1936,1936,CC BY-NC 4.0,257772
texts/tattvacintAmaNi_chapters_06_thru_10-M00086-IAST.txt,tattvacintAmaNi chapters 06 thru 10-M00086-IAST.txt,M00086,tattvacintāmaṇi chapters 06 thru 10,,,pūrṇānanda,bhuvanmohan ṣaṃkhyatirtha,,Critically edited from original manuscripts with original commentary by bhuvanmohan saṃkhyatirtha and with notes by Chintamani Bhattacharya,Publication year : 1936,1936,CC BY-NC 4.0,186813
texts/tattvacintAmaNi_chapters_11_thru_15-M00087-IAST.txt,tattvacintAmaNi chapters 11 thru 15-M00087-IAST.txt,M00087,tattvacintāmaṇi chapters 11 thru 15,,,pūrṇānanda,bhuvanmohan ṣaṃkhyatirtha,,Critically edited from original manuscripts with original commentary by bhuvanmohan saṃkhyatirtha and with notes by Chintamani Bhattacharya,Publication year : 1936,1936,CC BY-NC 4.0,326235
texts/tattvacintAmaNi_chapters_16_thru_end-M00088-IAST.txt,tattvacintAmaNi chapters 16 thru end-M00088-IAST.txt,M00088,tattvacintāmaṇi chapters 16 thru end,,,pūrṇānanda,bhuvanmohan ṣaṃkhyatirtha,,Critically edited from original manuscripts with original commentary by bhuvanmohan saṃkhyatirtha and with notes by Chintamani Bhattacharya,Publication year : 1936,1936,CC BY-NC 4.0,401957
texts/tattvaratnAvalI-M00290-IAST.txt,tattvaratnAvalI-M00290-IAST.txt,M00290,tattvaratnāvalī,,,vimalaśiva,,,Tattvaratnāvalī by Vimalaśiva a South Indian Siddhāntin. This is a brief liturgical manual for the basic rites of Siddhānta śaivism. The first chapter deals with the regular daily rite (nitya) and the,,Publication city :,CC BY-NC 4.0,36674
texts/tatvazodhanam-M00655-IAST.txt,tatvazodhanam-M00655-IAST.txt,M00655,tatvaśodhanam,,,,,,,,Publication city :,CC BY-NC 4.0,8449
texts/tejobindUpaniSat-M00114-IAST.txt,tejobindUpaniSat-M00114-IAST.txt,M00114,tejobindūpaniṣat,yoga upaniṣads with the commentary of śrī upaniṣad brahmayogin,tejobindu upaniṣat,,brahmayogin,śāstrī mahādeva,,Adyar library and research centre,1920,CC BY-NC 4.0,82335
texts/timirodhghATatantra-M00258-IAST.txt,timirodhghATatantra-M00258-IAST.txt,M00258,timirodhghāṭatantra,,,,,,Copied from NGMPP manuscript access no. 5/690 reel no: A 1380/9,,Publication city :,CC BY-NC 4.0,53845
texts/tridazaDAmarApratyaGgirAvizayakanAnAtantra-M00204-IAST.txt,tridazaDAmarApratyaGgirAvizayakanAnAtantra-M00204-IAST.txt,M00204,tridaśaḍāmarāpratyaṅgirāviśayakanānātantra,,,,,,,,Publication city :,CC BY-NC 4.0,175548
texts/tridazaDAmaratantre_siddhikaalIstotra-M00203-IAST.txt,tridazaDAmaratantre siddhikaalIstotra-M00203-IAST.txt,M00203,tridaśaḍāmaratantre siddhikaalīstotra,,,,,,,,Publication city :,CC BY-NC 4.0,62034
texts/tripurArahasya_jJAnakhaNDa-M00344-IAST.txt,tripurArahasya jJAnakhaNDa-M00344-IAST.txt,M00344,tripurārahasya jñānakhaṇḍa,,,hāritāyana,śrīnivāsa son of vaidyanātha dīkṣita,,,Publication year : Pre-1900,Pre-1900,CC BY-NC 4.0,664980
texts/tripurArahasya_mAhatmyakaNDham-M00221-IAST.txt,tripurArahasya mAhatmyakaNDham-M00221-IAST.txt,M00221,tripurārahasya māhatmyakaṇḍham,tripurārahasyam māhatmyakaṇḍham,,,,,Part 2 of gurumaṇḍalagranthamālāyā vol. 28 part 2 from chapter 51 to end.,Publication year :,Publication city :,CC BY-NC 4.0,265422
texts/tripurAsArasamuccaya-M00669-IAST.txt,tripurAsArasamuccaya-M00669-IAST.txt,M00669,tripurāsārasamuccaya,,,nāgabhaṭṭa,,govindācāryya,Copied from archive.org https://archive.org/download/in.ernet.dli.2015.345058/2015.345058.Tripurasara-Samuchchya.pdf,jīānandavidyāsāgarabhaṭṭacāryya,Pre-1900,CC BY-NC 4.0,147035
texts/tripurabhairavIpaJcAGga-M00637-IAST.txt,tripurabhairavIpaJcAGga-M00637-IAST.txt,M00637,tripurabhairavīpañcāṅga,,,,,,,,Publication city :,CC BY-NC 4.0,61001
texts/tripurasundarIsahasranAmastotra-M00639-IAST.txt,tripurasundarIsahasranAmastotra-M00639-IAST.txt,M00639,tripurasundarīsahasranāmastotra,,,,,,,,Publication city :,CC BY-NC 4.0,16811
texts/trizikhibrAhmaNopaniSat-M00297-IAST.txt,trizikhibrAhmaNopaniSat-M00297-IAST.txt,M00297,triśikhibrāhmaṇopaniṣat,yoga upaniṣads with the commentary of śrī upaniṣad brahmayogin,triśikhibrāhmaṇa upaniṣat,,brahmayogin,śāstrī mahādeva,,Adyar library and research centre,1920,CC BY-NC 4.0,40438
texts/troTalAtantra-M00313-IAST.txt,troTalAtantra-M00313-IAST.txt,M00313,troṭalātantra,,,,,,Description by Mark S.G. Dyczkowski: A Garuḍā tantra Troṭalā is another name for the goddess Tvaritā whose visualized form is described in 1/28-59. She is called Troṭalā because she smashes apart (tro,,Publication city :,CC BY-NC 4.0,76001
texts/troTalottara-M00534-IAST.txt,troTalottara-M00534-IAST.txt,M00534,troṭalottara,,tottalottara,,,,A Gāruḍa tantra.,,Publication city :,CC BY-NC 4.0,19637
texts/uDDAmezvaratantra-M00169-IAST.txt,uDDAmezvaratantra-M00169-IAST.txt,M00169,uḍḍāmeśvaratantra,,,,,Zadoo J. D.,Photographic facsimiles from vol 70 of the Kashmir Series of Texts and Studies.,Research Department Jammu and Kashmir State,1947,CC BY-NC 4.0,97830
texts/ucchiSTacANDAlinIkalpa-M00419-IAST.txt,ucchiSTacANDAlinIkalpa-M00419-IAST.txt,M00419,ucchiṣṭacāṇḍālinīkalpa,,,,,,,,Publication city :,CC BY-NC 4.0,8442
texts/uddhArakoza-M00247-IAST.txt,uddhArakoza-M00247-IAST.txt,M00247,uddhārakośa,uddhārakośa śrīdakṣiṇaamūrti viracita,A Dictionary of the Secret Tantric Syllabic Code: Daksinamurti Uddarakosa,,,raghuvīra,A short dictionary of Mantras.,Publication year : 1938,1938,CC BY-NC 4.0,69705
texts/ugracaNDapUjApaddhati-M00420-IAST.txt,ugracaNDapUjApaddhati-M00420-IAST.txt,M00420,ugracaṇḍapūjāpaddhati,,,,,,,,Publication city :,CC BY-NC 4.0,25034
texts/umAsaMhitA-M00276-IAST.txt,umAsaMhitA-M00276-IAST.txt,M00276,umāsaṃhitā,,,,,,"Transcribed from IFP transcript T0081 which is acopy of MS 73868 belonging to the adhyar Library, Madras. See Muktabodha digital library, IFP/EFEO collection at www.muktabodha.org for full bibliograph",,2013,CC BY-NC 4.0,130113
texts/unmattabhairava-M00275-IAST.txt,unmattabhairava-M00275-IAST.txt,M00275,unmattabhairava,,,,,,Rites and Mantras relating to Unmatta Bhairava the Ecstatic Bhairava.He is one of a group of eight Bhairavas of which the most well known is Svacchandabhairava. Similar manuals for the other Bhairavas,,Publication city :,CC BY-NC 4.0,16686
texts/vAJchAkalpalatA-M00641-IAST.txt,vAJchAkalpalatA-M00641-IAST.txt,M00641,vāñchākalpalatā,,,,,,,,Publication city :,CC BY-NC 4.0,27466
texts/vAmakezvarImata-M00097-IAST.txt,vAmakezvarImata-M00097-IAST.txt,M00097,vāmakeśvarīmata,vāmakeśvarīmata with the commentary of jayaratha,vāmakeśvarīmatavivaraṇa,,jayaratha,śāstrī m k,E-text transcribed from volume 66 of the Kashmir Series of Texts and Studies.,"Research Department, Jammu and Kashmir State",1945,CC BY-NC 4.0,162108
texts/vArAhItantra-M00317-IAST.txt,vArAhItantra-M00317-IAST.txt,M00317,vārāhītantra,,,,,,"Description by Mark S.G. Dyczkowski: There is another texts with this name which is much shorter and is framed as a dialogue between Rādhā and Kṛṣṇa. This Vārāhī Tantra is 4,631 verses long. Another c",,Publication city :,CC BY-NC 4.0,524298
texts/vArAhopaniSat-M00298-IAST.txt,vArAhopaniSat-M00298-IAST.txt,M00298,vārāhopaniṣat,yoga upaniṣads with the commentary of śrī upaniṣad brahmayogin,vārāha upaniṣat,,brahmayogin,śāstrī mahādeva,,Adyar library and research centre,1920,CC BY-NC 4.0,59190
texts/vAruNapaddhati-M00223-IAST.txt,vAruNapaddhati-M00223-IAST.txt,M00223,vāruṇapaddhati,,ātmārthapuujāpaddhati,varuṇaśivācārya,,,,,Publication city :,CC BY-NC 4.0,381732
texts/vAruNapaddhativyAkhyAnam-T00241-IAST.txt,vAruNapaddhativyAkhyAnam-T00241-IAST.txt,T00241,vāruṇapaddhativyākhyānam,,,,bhaṭṭā śivottama,,Copied from IFP/EFEO transcript T00143,,Publication city :,CC BY-NC 4.0,65592
texts/vAtUlanAthasUtra-M00099-IAST.txt,vAtUlanAthasUtra-M00099-IAST.txt,M00099,vātūlanāthasūtra,vatūlanāthasūtra with vṛtti by anantaśaktipāda,vatūlanāthasūtravṛtti,vatūlanātha,anantaśaktipāda,śāstrī m k,Transcribed from volume 39 of the Kashmir Series of Texts and Studies.,Research Dept. Jammu and Kashmir State,1923,CC BY-NC 4.0,16380
texts/vIrAgama-M00253-IAST.txt,vIrAgama-M00253-IAST.txt,M00253,vīrāgama,,,,,,Transcribed from IFP transcript T0029 which is copied from a manuscript from Kilvelūr See Muktabodha IFP/EFEO on-line catalog for bibliographic details at www.muktabodha.org .,,Publication city :,CC BY-NC 4.0,416640
texts/vIrAgama-M00608-IAST.txt,vIrAgama-M00608-IAST.txt,M00608,vīrāgama,,,,,,viraśaiva text,,Publication city :,CC BY-NC 4.0,118848
texts/vIracUDAmaNi-M00656-IAST.txt,vIracUDAmaNi-M00656-IAST.txt,M00656,vīracūḍāmaṇi,,,,,,,,Publication city :,CC BY-NC 4.0,62942
texts/vIratantra-M00613-IAST.txt,vIratantra-M00613-IAST.txt,M00613,vīratantra,,,,,,,,Publication city :,CC BY-NC 4.0,22378
texts/vIrazaivAcArapradIpikA-M00609-IAST.txt,vIrazaivAcArapradIpikA-M00609-IAST.txt,M00609,vīraśaivācārapradīpikā,,,,,,viraśaiva text,Publication year : 1905,1905,CC BY-NC 4.0,279494
texts/vIrazaivAgama-M00610-IAST.txt,vIrazaivAgama-M00610-IAST.txt,M00610,vīraśaivāgama,,,,,,,,Publication city :,CC BY-NC 4.0,57724
texts/vIrazaivAnandacandrikA-M00611-IAST.txt,vIrazaivAnandacandrikA-M00611-IAST.txt,M00611,vīraśaivānandacandrikā,,,maritoṇṭadārya,,,,Publication year : 1936,1936,CC BY-NC 4.0,745419
texts/vIrazaivasiddhAntottarakaumudI-M00604-IAST.txt,vIrazaivasiddhAntottarakaumudI-M00604-IAST.txt,M00604,vīraśaivasiddhāntottarakaumudī,,vīraśaivasiddhāntottarakaumudī from IFP transcript T00342,,,,viraśaiva paddhati text,,Publication city :,CC BY-NC 4.0,67460
texts/vIrazaivasiddhAntottarakaumudI-M00605-IAST.txt,vIrazaivasiddhAntottarakaumudI-M00605-IAST.txt,M00605,vīraśaivasiddhāntottarakaumudī,,vīraśaivasiddhāntottarakaumudī from IFP transcript T00343,,,,Contains the complete śivapūjavidhi of the text called vīraśaivasiddhāntottaraaumudī,,Publication city :,CC BY-NC 4.0,46412
texts/vIrazaivotkarSapradIpikA-M00612-IAST.txt,vIrazaivotkarSapradIpikA-M00612-IAST.txt,M00612,vīraśaivotkarṣapradīpikā,,,cennabasaveśvara attributed to,,,,Publication year : 1936,1936,CC BY-NC 4.0,28479
texts/varivasyArahasya-M00098-IAST.txt,varivasyArahasya-M00098-IAST.txt,M00098,varivasyārahasya,varivasyārahasya with autocommentary prakāśa,,bhaskarāya,bhaskarāya,śāstrī subrahmanya,varivasyārahasya with its commentary prakāśa both by bhaskarāya,Adyar Library and Research Centre,1932,CC BY-NC 4.0,135240
texts/varuNpaddhativyAkhyA-M00240-IAST.txt,varuNpaddhativyAkhyA-M00240-IAST.txt,M00240,varuṇpaddhativyākhyā,varuṇpaddhativyākhyā with commentary vilocana by nigamajñāna 2,,,nigamajñāna 2,,,,Publication city :,CC BY-NC 4.0,99602
texts/vatullotarAgama-M00219-IAST.txt,vatullotarAgama-M00219-IAST.txt,M00219,vatullotarāgama,vatullotaratantra,,,,,,,Publication city :,CC BY-NC 4.0,200049
texts/vedAntasAravIrazaivacintAmaNi-M00618-IAST.txt,vedAntasAravIrazaivacintAmaNi-M00618-IAST.txt,M00618,vedāntasāravīraśaivacintāmaṇi,,,,,,,vīraśaivaliṅgibrahmaṇagranthamala,1905,CC BY-NC 4.0,403690
texts/vijJAnabhairava_with_commentary_Kaumadi-M00347-IAST.txt,vijJAnabhairava with commentary Kaumadi-M00347-IAST.txt,M00347,vijñānabhairava with commentary Kaumadi,,,,ānandabhaṭṭa,Pandit Mukunda Rama Shastri,KSTS Series volume 9,Kashmir Series of Texts and Studies,1936,CC BY-NC 4.0,64110
texts/vijJAnabhairava-M00271-IAST.txt,vijJAnabhairava-M00271-IAST.txt,M00271,vijñānabhairava,,,,,,,,Publication city :,CC BY-NC 4.0,15626
texts/vijayottaratantra-E0010-IAST.txt,vijayottaratantra-E0010-IAST.txt,E0010,vijayottaratantra,,trisahasrasaṃhitā,,,,"IFP transcript 190 copied from a MS belonging to the GOML, Madras, No. R 13659.",,2013,CC BY-NC 4.0,68416
texts/vimalAvatItantra-M00295-IAST.txt,vimalAvatItantra-M00295-IAST.txt,M00295,vimalāvatītantra,,,vimalaśiva,,,This is a work on Siddhānta ritual written by Vimalaśiva who lived in the thirteenth century. He declares with pride that he had taken the vow of residing all his life in Benares (kāśīvāsa). The first,,Publication city :,CC BY-NC 4.0,251215
texts/virUpAkSapaNcazikA-M00535-IAST.txt,virUpAkSapaNcazikA-M00535-IAST.txt,M00535,virūpākṣapaṇcaśikā,,,,vidyācakraavartin,T. Gaṇapati śāstrī,A work steeped in the pratyabhijñnā but most probably a work from South India.,Travancore Government Press,1910,CC BY-NC 4.0,45599
texts/viraktotpattikriyAlakSaNa-M00619-IAST.txt,viraktotpattikriyAlakSaNa-M00619-IAST.txt,M00619,viraktotpattikriyālakṣaṇa,,,,,,,vīraśaivaliṅgibrahmaṇagranthamala,1906,CC BY-NC 4.0,123798
texts/visvasAratantra-M00101-IAST.txt,visvasAratantra-M00101-IAST.txt,M00101,visvasāratantra,,,,,Chatterji,"Typed from edition by Chatterjee published in Calcutta, Bengal end of 19th century. Printed in Bengali characters.",Publication year : Pre-1900,Pre-1900,CC BY-NC 4.0,404845
texts/vivekacintAmaNi-M00620-IAST.txt,vivekacintAmaNi-M00620-IAST.txt,M00620,vivekacintāmaṇi,,,,,,,vīraśaivaliṅgibrahmaṇagranthamala,1906,CC BY-NC 4.0,145748
texts/vizeSArthaprakAzikA-M00614-IAST.txt,vizeSArthaprakAzikA-M00614-IAST.txt,M00614,viśeṣārthaprakāśikā,,,,,,,Publication year : 1906,1906,CC BY-NC 4.0,57839
texts/vyomavyApistava-M00059-IAST.txt,vyomavyApistava-M00059-IAST.txt,M00059,vyomavyāpistava,vyomavyāpistava with the commentary laghuṭīkā,,bhaṭṭarāmakaṇṭha,vedajñāna,,,,Publication city :,CC BY-NC 4.0,46751
texts/yantracintAmaNi-M00657-IAST.txt,yantracintAmaNi-M00657-IAST.txt,M00657,yantracintāmaṇi,,,dāmodara son of gaṅgādhara,,,,,Publication city :,CC BY-NC 4.0,60822
texts/yogacUDAmaNyupaniSat-M00299-IAST.txt,yogacUDAmaNyupaniSat-M00299-IAST.txt,M00299,yogacūḍāmaṇyupaniṣat,yoga upaniṣads with the commentary of śrī upaniṣad brahmayogin,yogacūḍāmaṇi upaniṣat,,brahmayogin,śāstrī mahādeva,,Adyar library and research centre,1920,CC BY-NC 4.0,29493
texts/yogacintAmaNi-M00536-IAST.txt,yogacintAmaNi-M00536-IAST.txt,M00536,yogacintāmaṇi,,,śivānanda,,,"A compilation of citations from works on yoga, on which the author comments.",,Publication city :,CC BY-NC 4.0,313219
texts/yogajAgama-M00250-IAST.txt,yogajAgama-M00250-IAST.txt,M00250,yogajāgama,,,,,,"Copied from a manuscript belonging to M.K.S. Bhattar, Madurai",,Publication city :,CC BY-NC 4.0,203525
texts/yogakuNDalyupaniSat-M00300-IAST.txt,yogakuNDalyupaniSat-M00300-IAST.txt,M00300,yogakuṇḍalyupaniṣat,yoga upaniṣads with the commentary of śrī upaniṣad brahmayogin,yogakuṇḍalī upaniṣat,,brahmayogin,śāstrī mahādeva,,Adyar library and research centre,1920,CC BY-NC 4.0,31730
texts/yogapIThakramodaya-M00281-IAST.txt,yogapIThakramodaya-M00281-IAST.txt,M00281,yogapīṭhakramodaya,,kramodaya,,,,One of the earliest Kaula works recovered to date.,,Publication city :,CC BY-NC 4.0,65396
texts/yogasArasaMgraha-M00213-IAST.txt,yogasArasaMgraha-M00213-IAST.txt,M00213,yogasārasaṃgraha,,,,vaktraśambhu,,IFP transcript T0859,,2010,CC BY-NC 4.0,159595
texts/yogasArasamuccaya-M00503-IAST.txt,yogasArasamuccaya-M00503-IAST.txt,M00503,yogasārasamuccaya,,akulāgamatantra,,,,Wrongly catalogued as the akulāgamatantra is in fact called the yogasārasamuccaya . Deals with Yoga.,,2021,CC BY-NC 4.0,73979
texts/yogatattvopaniSat-M00302-IAST.txt,yogatattvopaniSat-M00302-IAST.txt,M00302,yogatattvopaniṣat,yoga upaniṣads with the commentary of śrī upaniṣad brahmayogin,yogatattva  upaniṣat,,brahmayogin,śāstrī mahādeva,,Adyar library and research centre,1920,CC BY-NC 4.0,29168
texts/yogavAsiSTha_part_1_with_commentary_tAtparyaprakAza-M00335-IAST.txt,yogavAsiSTha part 1 with commentary tAtparyaprakAza-M00335-IAST.txt,M00335,yogavāsiṣṭha part 1 with commentary tātparyaprakāśa,yogavāsiṣṭha part 1 with commentary tātparyaprakāśa,,valmiki,ānandabodhendra sarasvatī,Vasudeva Laxmana Sharma Pansikar,,Publication year : 1918,1918,CC BY-NC 4.0,307755
texts/yogavAsiSTha_part_2_with_commentary_tAtparyaprakAza-M00336-IAST.txt,yogavAsiSTha part 2 with commentary tAtparyaprakAza-M00336-IAST.txt,M00336,yogavāsiṣṭha part 2 with commentary tātparyaprakāśa,yogavāsiṣṭha part 2 with commentary tātparyaprakāśa,,valmiki,ānandabodhendra sarasvatī,Vasudeva Laxmana Sharma Pansikar,,Publication year : 1918,1918,CC BY-NC 4.0,201841
texts/yogavAsiSTha_part_3_with_commentary_tAtparyaprakAza-M00337-IAST.txt,yogavAsiSTha part 3 with commentary tAtparyaprakAza-M00337-IAST.txt,M00337,yogavāsiṣṭha part 3 with commentary tātparyaprakāśa,yogavāsiṣṭha part 3 with commentary tātparyaprakāśa,,valmiki,ānandabodhendra sarasvatī,Vasudeva Laxmana Sharma Pansikar,,Publication year : 1918,1918,CC BY-NC 4.0,1320007
texts/yogavAsiSTha_part_4_with_commentary_tAtparyaprakAza-M00338-IAST.txt,yogavAsiSTha part 4 with commentary tAtparyaprakAza-M00338-IAST.txt,M00338,yogavāsiṣṭha part 4 with commentary tātparyaprakāśa,yogavāsiṣṭha part 4 with commentary tātparyaprakāśa,,valmiki,ānandabodhendra sarasvatī,Vasudeva Laxmana Sharma Pansikar,,Publication year : 1918,1918,CC BY-NC 4.0,611029
texts/yogavAsiSTha_part_5_with_commentary_tAtparyaprakAza-M00339-IAST.txt,yogavAsiSTha part 5 with commentary tAtparyaprakAza-M00339-IAST.txt,M00339,yogavāsiṣṭha part 5 with commentary tātparyaprakāśa,yogavāsiṣṭha part 5 with commentary tātparyaprakāśa,,valmiki,ānandabodhendra sarasvatī,Vasudeva Laxmana Sharma Pansikar,,Publication year : 1918,1918,CC BY-NC 4.0,1007151
texts/yogavAsiSTha_part_6_with_commentary_tAtparyaprakAza-M00345-IAST.txt,yogavAsiSTha part 6 with commentary tAtparyaprakAza-M00345-IAST.txt,M00345,yogavāsiṣṭha part 6 with commentary tātparyaprakāśa,yogavāsiṣṭha part 6 with commentary tātparyaprakāśa,,valmiki,ānandabodhendra sarasvatī,Vasudeva Laxmana Sharma Pansikar,,Publication year : 1918,1918,CC BY-NC 4.0,3664845
texts/yogaviSaya-M00121-IAST.txt,yogaviSaya-M00121-IAST.txt,M00121,yogaviṣaya,,kaulajñānanirṇaya and some minor texts of the school of matsyendrānātha,matsyendrānātha,,"Bagchi, P. C.","The source of this e-text is Calcutta Sanskrit Series 3 - kaulajñānanirṇaya and some minor texts of the school of matsyendrānātha - where it is bundled along with kaulajñānanirṇaya kulānandatantra, an",Metropolitan Printing and Pub. House,1934,CC BY-NC 4.0,3555
texts/yogazikhopaniSat-M00301-IAST.txt,yogazikhopaniSat-M00301-IAST.txt,M00301,yogaśikhopaniṣat,yoga upaniṣads with the commentary of śrī upaniṣad brahmayogin,yogaśikhā upaniṣat,,brahmayogin,śāstrī mahādeva,,Adyar library and research centre,1920,CC BY-NC 4.0,82772
texts/yoginIhRdaya-M00115-IAST.txt,yoginIhRdaya-M00115-IAST.txt,M00115,yoginīhṛdaya,yoginīhṛdaya with the dīpikā by amṛtānanda,,,amṛtānanda,gopīnātha kavirāja,,"sarasvatībhavana sanskrit series, QueenÃ¢â‚¬â„¢s College,",1923,CC BY-NC 4.0,273095
texts/yoginiitantra-M00064-IAST.txt,yoginiitantra-M00064-IAST.txt,M00064,yoginiitantra,yoginiitantram,,,,,,kṣemarāja śrī  kṛṣṇa dāsa,Pre-1900,CC BY-NC 4.0,424221
texts/zANDilyopaniSat-M00113-IAST.txt,zANDilyopaniSat-M00113-IAST.txt,M00113,śāṇḍilyopaniṣat,yoga upaniṣads with the commentary of śrī upaniṣad brahmayogin,śāṇḍilya upaniṣat,,brahmayogin,śāstrī mahādeva,,Adyar library and research centre,1920,CC BY-NC 4.0,46425
texts/zAktAnandataraGgiNI-M00134-IAST.txt,zAktAnandataraGgiNI-M00134-IAST.txt,M00134,śāktānandataraṅgiṇī,,,brahmānandagiri,,pañcānana śāstrī,Transcribed by the staff of Muktabodha.,unknown-pree 1900 Bengali Script,Publication city :,CC BY-NC 4.0,233507
texts/zAktapramoda-M00054-IAST.txt,zAktapramoda-M00054-IAST.txt,M00054,śāktapramoda,,,devanandanasiṃha,,,Ritual manual for the worship of mainly śākta divinities in 17 individual tantras.,śrīveṃkaṭeśvara press,1949,CC BY-NC 4.0,849811
texts/zAradAtilaka-M00077-IAST.txt,zAradAtilaka-M00077-IAST.txt,M00077,śāradātilaka,śāradātilakam with the commentary of rāghavabhaṭṭa,,lakṣmaṇadeśikendra,raghavabhaṭṭa,"Avalon, A",This e-text was converted into roman transliteration from electronic devanagari typesetting files of Dr. S. Malaviya by computer programs written by the staff of Muktabodha.,Electronic publisher: Muktabodha Indological Research Instit,2005,CC BY-NC 4.0,1743943
texts/zabdArthacintAmaNi-M00645-IAST.txt,zabdArthacintAmaNi-M00645-IAST.txt,M00645,śabdārthacintāmaṇi,,,,,,,,Publication city :,CC BY-NC 4.0,780080
texts/zaivAgamAdimAhAtmya-M00228-IAST.txt,zaivAgamAdimAhAtmya-M00228-IAST.txt,M00228,śaivāgamādimāhātmya,,,jñānaprakāśa,,,jñānaprakāśa was a well known SiddhAntin who tells us in the colophon of this text that he lived in śālīvāṭipura in Tamil Nadu. He belonged to the 15th century and was a prolific writer. There are sev,,Publication city :,CC BY-NC 4.0,69215
texts/zaivakalAviveka-M00181-IAST.txt,zaivakalAviveka-M00181-IAST.txt,M00181,śaivakalāviveka,,,,,,The photographic facsimile is from the Devakottai Series.,śivāgamasiddhāntaparipālanasaṅghaṃ,1920,CC BY-NC 4.0,192077
texts/zaivasiddhAntaparibhASA-M00075-IAST.txt,zaivasiddhAntaparibhASA-M00075-IAST.txt,M00075,śaivasiddhāntaparibhāṣā,,śaivasiddhāntaśaivaparibhāsā,śivāgrayogin,,,This e-text is transcribed from the devanagari edition of the Oriental Research Institute (Sanskrit Series no. 90).,"Oriental Research Institute, University of Madras",1950,CC BY-NC 4.0,217883
texts/zaivasiddhAntaparibhASAmaJjarI-M00254-IAST.txt,zaivasiddhAntaparibhASAmaJjarI-M00254-IAST.txt,M00254,śaivasiddhāntaparibhāṣāmañjarī,,,vedajñāna,,,Transcribed from IFP transcript T0171 which is copied from a manuscript belonging to śiva śri elukarai nātthu namabi sadāśivapaṇḍita sivācāryar maṭhādhipati ṭirueehengodu.,,Publication city :,CC BY-NC 4.0,117302
texts/zaktisUtra-M00322-IAST.txt,zaktisUtra-M00322-IAST.txt,M00322,śaktisūtra,,,,,,"Description by Mark S.G. Dyczkowski: This work belongs to the Kubjikā school, the paścimāmnāya. It contains details of basic ritual procedures of this school. This work was probbly not written in Nepa",,Publication city :,CC BY-NC 4.0,83227
texts/zaktisaMgamatantra_kAlIkhanda-M00128-IAST.txt,zaktisaMgamatantra kAlIkhanda-M00128-IAST.txt,M00128,śaktisaṃgamatantra kālīkhanda,,,,,baṭṭācārya b,"Transcribed from śaktisaṃgamatantra critically edited by Benoytosh Bhattacharyya, In three Volumes Vol. I kālīkhanda Baroda Oriental Institute 1941",Baroda Oriental Institute,1941,CC BY-NC 4.0,197325
texts/zaktisaMgamatantra_sundarIkhanda-M00129-IAST.txt,zaktisaMgamatantra sundarIkhanda-M00129-IAST.txt,M00129,śaktisaṃgamatantra sundarīkhanda,,,,,baṭṭācārya b,"Transcribed from śaktisaṃgamatantra critically edited by Benoytosh Bhattacharyya, In three Volumes Vol. III tārākhanda Gwaekads Oriental Series 1947",Gwaekads Oriental Series,1947,CC BY-NC 4.0,206318
texts/zaktisaMgamatantra_tArAkhanda-M00119-IAST.txt,zaktisaMgamatantra tArAkhanda-M00119-IAST.txt,M00119,śaktisaṃgamatantra tārākhanda,,,,,baṭṭācārya b,"Transcribed from śaktisaṃgamatantra critically edited by Benoytosh Bhattacharyya, In three Volumes Vol. II tārākhanda Baroda Oriental Institute 1941",Baroda Oriental Institute,1941,CC BY-NC 4.0,235666
texts/zataratnasaMgraha-M00078-IAST.txt,zataratnasaMgraha-M00078-IAST.txt,M00078,śataratnasaṃgraha,,,umāpatiśivācārya,,,Transcribed from theTantrik Texts Series volume 22 of John Woodroffe.,Luzac and Co.,1944,CC BY-NC 4.0,165336
texts/zivAdvaitadarpaNa-M00606-IAST.txt,zivAdvaitadarpaNa-M00606-IAST.txt,M00606,śivādvaitadarpaṇa,,,,,,viraśaiva text,Publication year :,Publication city : Hooli,CC BY-NC 4.0,89514
texts/zivAdvaitimaJjarI-M00607-IAST.txt,zivAdvaitimaJjarI-M00607-IAST.txt,M00607,śivādvaitimañjarī,śivādvaitamañarī and svaprabhānanda and śaivasiddhāntadīpikā,,,,,viraśaiva texts,Publication year : 1909,1909,CC BY-NC 4.0,109815
texts/zivAgamAdimAhAtmya-M00058-IAST.txt,zivAgamAdimAhAtmya-M00058-IAST.txt,M00058,śivāgamādimāhātmya,śivāgamādimāhātmyasaṅgrama,,jñānaprakāśa - śālivāṭipuranivāsi,,,,,Publication city :,CC BY-NC 4.0,62046
texts/zivArcanacandrikA-M00079-IAST.txt,zivArcanacandrikA-M00079-IAST.txt,M00079,śivārcanacandrikā,,,appayadīkṣita,,,E-text transcribed from the Devakottai series.,śivāgama siddhānta paripalana saṅgham,1922,CC BY-NC 4.0,217522
texts/zivadRSTi-M00081-IAST.txt,zivadRSTi-M00081-IAST.txt,M00081,śivadṛṣṭi,,śivadṛṣṭivṛtti,somānanda,utpaladeva,śāstrī m k,E-text photographed from volume 54 of the Kashmir Series of Texts and Studies.,"Research Department, Jammu and Kashmir State",1934,CC BY-NC 4.0,319919
texts/zivadharma_nandiprokta-M00210-IAST.txt,zivadharma nandiprokta-M00210-IAST.txt,M00210,śivadharma nandiprokta,,,,,,E-text copied from pages 1o-24 of IFP/EFEO transcript 72 which itself was a copy of Adyar Library Madras Ms. 75429,,2010,CC BY-NC 4.0,21977
texts/zivadharma-M00209-IAST.txt,zivadharma-M00209-IAST.txt,M00209,śivadharma,,,,,,"IFP transcript 860 copied from ms no R2442 belonging to G.O.N.L. , madras.) This zivadharma differs from the text of the same name in transcript no. 72. There the colophon reads: śrīśivadharmaśāstre n",,2010,CC BY-NC 4.0,137003
texts/zivadharmottara-M00211-IAST.txt,zivadharmottara-M00211-IAST.txt,M00211,śivadharmottara,,,,,,"IFP transcript no. 72 from page 25 itself a copy of Adyar Library, Madras ms. no.: 75425",,2010,CC BY-NC 4.0,151572
texts/zivajIvadazakam-M00650-IAST.txt,zivajIvadazakam-M00650-IAST.txt,M00650,śivajīvadaśakam,,śivakavacam,sahib kaul,,,,,Publication city :,CC BY-NC 4.0,108825
texts/zivajJAnasiddhi-M00226-IAST.txt,zivajJAnasiddhi-M00226-IAST.txt,M00226,śivajñānasiddhi,śivajñānasiddhi svapakṣa ḍṛṣtāntasaṅgrahaḥ,,,,,Copied from IFP/EFEO transcript T00317 pages 968 to 1118,,Publication city :,CC BY-NC 4.0,114653
texts/zivanirvANa-M00651-IAST.txt,zivanirvANa-M00651-IAST.txt,M00651,śivanirvāṇa,,bījākṣaramantrasahita śivanirvāṇa,,,,,,Publication city :,CC BY-NC 4.0,76337
texts/zivarahasya_part_1-M00666-IAST.txt,zivarahasya part 1-M00666-IAST.txt,M00666,śivarahasya part 1,,,,,Ganesh Shastri,Copied from archive.org https://archive.org/download/KKsh_shri-shiva-rahasyakhya-maha-itihas-vol-1-by-ganesh-shastri-and-sundaresvara-shas/Shri%20Shiva%20Rahasyakhya%20Maha%20Itihas%20Vol%201%20%20by%,Publication year : 1913,1913,CC BY-NC 4.0,426112
texts/zivasUtravArttika-M00083-IAST.txt,zivasUtravArttika-M00083-IAST.txt,M00083,śivasūtravārttika,,śivasūtra,vasugupta author śivasūtra,bhāskara,Chatterji J C,E-text transcribed from volume 4 of the Kashmir Series of Texts and Studies.,"Research Department, Jammu and Kashmir State",1916,CC BY-NC 4.0,106596
texts/zivasUtravRtti-M00667-IAST.txt,zivasUtravRtti-M00667-IAST.txt,M00667,śivasūtravṛtti,,,,,,Copied from Shri Raghunath Temple MSS Library manuscript 1672 k digitized by eGangotri on archive.org,,Publication city :,CC BY-NC 4.0,14214
texts/zivasUtravimarzinI_text_version-M00349-IAST.txt,zivasUtravimarzinI text version-M00349-IAST.txt,M00349,śivasūtravimarśinī text version,,śivasūtra,vasugupta author śivasūtra,kṣemarāja,Chatterji J C,E-text transcribed from volume 1 of the Kashmir Series of Texts and Studies.,"Research Department, Jammu and Kashmir State",1911,CC BY-NC 4.0,150277
texts/zivasaMhita-M00082-IAST.txt,zivasaMhita-M00082-IAST.txt,M00082,śivasaṃhita,,,,,,,Tara Press,1928,CC BY-NC 4.0,65231
texts/zivasiddhAntacandrikA-M00617-IAST.txt,zivasiddhAntacandrikA-M00617-IAST.txt,M00617,śivasiddhāntacandrikā,,,,,,Verses only without commentary,Publication year : 1920,1920,CC BY-NC 4.0,33181
texts/zivastotravalI-M00348-IAST.txt,zivastotravalI-M00348-IAST.txt,M00348,śivastotravalī,,,utpaladeva,kṣemarāya,Rai Pramadasa Mitra Bahadur,,Chowkhamba Sanskrit Book Depot,1902,CC BY-NC 4.0,197835
texts/zrIcakrasAdhanam-M00652-IAST.txt,zrIcakrasAdhanam-M00652-IAST.txt,M00652,śrīcakrasādhanam,,,,,,,,Publication city :,CC BY-NC 4.0,7231
texts/zrIgurustutiratnAvalI-M00653-IAST.txt,zrIgurustutiratnAvalI-M00653-IAST.txt,M00653,śrīgurustutiratnāvalī,,,govinda kaula,,,,,Publication city :,CC BY-NC 4.0,7272
texts/zrIkarabhAsya-M00346-IAST.txt,zrIkarabhAsya-M00346-IAST.txt,M00346,śrīkarabhāsya,śrīkarabhāsya vedāntasūtrāṇām vīraśaivabhāṣyam,Being the Virashaiva Commentary on the Vedantasutras by Shreepati,śrīpati,,C. Hayavadana Rao,The Vīraśaiva Commentary on the Vedāntasūtras by śrīpati,Bangalore Press,1936,CC BY-NC 4.0,1408889
texts/zrItattvanidhiH-M00238-IAST.txt,zrItattvanidhiH-M00238-IAST.txt,M00238,śrītattvanidhiḥ,,,kṛṣṇarāja vodeyar,,,,Shri Venkateshvar Press,1908,CC BY-NC 4.0,662007
texts/zrIvidyAnityapaddhati-M00654-IAST.txt,zrIvidyAnityapaddhati-M00654-IAST.txt,M00654,śrīvidyānityapaddhati,,,sahib kaul,,,,,Publication city :,CC BY-NC 4.0,224040
texts/zrIvidyArNavatantra-M00217-IAST.txt,zrIvidyArNavatantra-M00217-IAST.txt,M00217,śrīvidyārṇavatantra,,,śrīvidyāraṇyayati,,Ram Chandra Kak,,Varanasi Tantrika Text Series,1947,CC BY-NC 4.0,1538038
texts/zukavAkya-M00270-IAST.txt,zukavAkya-M00270-IAST.txt,M00270,śukavākya,,,,,,,,Publication city :,CC BY-NC 4.0,11463
